study_id,dbgap_id,male,female,unknown
48,phs000048.v1.p1,872,678,0
90,phs000090.v1.p1,5995,7254,0
92,phs000092.v1.p1,3898,4587,130
94,phs000094.v1.p1,7880,7254,874
102,phs000102.v1.p1,248,237,0
293,phs000140.v1.p1,892,1250,0
295,phs000142.v1.p1,635,2489,1445
296,phs000017.v3.p1,1505,1756,0
298,phs000144.v1.p1,330,432,6
313,phs000020.v2.p1,1291,2449,1
411,phs000167.v1.p1,1835,1226,0
529,phs000181.v1.p1,3419,3665,3886
537,phs000187.v1.p1,1920,1391,100
538,phs000188.v1.p1,1283,1920,0
661,phs000199.v1.p1,922,1104,0
664,phs000202.v1.p1,0,297,0
665,phs000203.v1.p1,2123,1309,45
667,phs000091.v2.p1,2663,3425,36
669,phs000166.v2.p1,2164,1882,604
671,phs000207.v1.p1,2300,0,0
676,phs000211.v1.p1,167,233,0
802,phs000219.v1.p1,619,969,130
803,phs000093.v2.p2,8241,3096,32
808,phs000223.v1.p1,1298,2127,318
814,phs000016.v2.p2,1718,1040,11
948,phs000238.v1.p1,2477,2933,6
950,phs000240.v1.p1,500,631,6
1078,phs000244.v1.p1,5,3,0
1079,phs000245.v1.p1,0,4,0
1087,phs000089.v3.p2,896,845,0
1088,phs000250.v1.p1,196,155,0
1099,phs000138.v2.p1,33,1557,1495
1103,phs000263.v1.p1,64,84,17
1109,phs000268.v1.p1,86,98,0
1110,phs000269.v1.p1,381,332,3
1240,phs000272.v1.p1,1413,1080,0
1241,phs000273.v1.p1,16,9,0
1243,phs000275.v1.p1,235,689,0
1259,phs000290.v1.p1,16,78,2
1264,phs000293.v1.p1,755,1318,434
1265,phs000294.v1.p1,4620,1422,0
1266,phs000239.v2.p1,4,12,0
1267,phs000128.v3.p3,3222,3874,10300
1277,phs000302.v1.p1,200,150,0
1408,phs000303.v1.p1,973,983,111
1410,phs000127.v2.p1,231,201,0
1415,phs000308.v1.p1,903,1340,104
1422,phs000310.v1.p1,28,0,0
1423,phs000311.v1.p1,8,0,0
1426,phs000021.v3.p2,2786,2278,0
1572,phs000327.v1.p1,58,36,0
1576,phs000330.v1.p1,14,0,0
1586,phs000337.v1.p1,116,68,0
1588,phs000258.v2.p1,212,387,0
1602,phs000344.v1.p1,301,595,0
1603,phs000345.v1.p1,545,483,0
1607,phs000347.v1.p1,19,10,0
1613,phs000351.v1.p1,3661,1248,0
1614,phs000352.v1.p1,43,50,0
1615,phs000353.v1.p1,773,1430,2944
1616,phs000354.v1.p1,1,11,0
1629,phs000362.v1.p1,9,3,0
1635,phs000289.v2.p1,1360,1400,5
1638,phs000365.v1.p1,4,2,1
1640,phs000367.v1.p1,341,389,5
1641,phs000368.v1.p1,48,8238,90
1642,phs000369.v1.p1,0,216,0
1645,phs000372.v1.p1,2595,3470,0
1646,phs000373.v1.p1,5208,66,0
1647,phs000374.v1.p1,8,6,4
1649,phs000376.v1.p1,23,21,33
1651,phs000378.v1.p1,459,843,0
1653,phs000380.v1.p1,199,783,0
1654,phs000381.v1.p1,762,502,0
1657,phs000383.v1.p1,87,3914,0
1660,phs000384.v1.p1,9,9,0
1661,phs000385.v1.p1,56,48,0
1664,phs000387.v1.p1,740,203,0
1667,phs000390.v1.p1,408,1209,0
1668,phs000391.v1.p1,332,334,0
1672,phs000394.v1.p1,675,369,0
1676,phs000398.v1.p1,234,361,0
1678,phs000400.v1.p1,5,20,0
1686,phs000404.v1.p1,1495,2069,151
1687,phs000096.v4.p1,2287,7052,5988
1688,phs000405.v1.p1,6,7,0
1691,phs000408.v1.p1,180,826,0
1694,phs000364.v2.p1,37,23,1
1696,phs000409.v1.p1,219,87,3
1709,phs000419.v1.p1,0,1,0
1713,phs000421.v1.p1,1774,3008,767
1714,phs000422.v1.p1,67,124,0
1734,phs000434.v1.p1,4,4,0
1742,phs000438.v1.p1,342,380,0
1744,phs000440.v1.p1,417,551,407
1747,phs000442.v1.p1,53,38,0
1748,phs000443.v1.p1,144,0,0
1753,phs000001.v3.p1,3002,3954,1001
1754,phs000445.v1.p1,18,3,0
1756,phs000447.v1.p1,624,0,0
1767,phs000454.v1.p1,2888,996,0
1769,phs000456.v1.p1,1455,1177,134
1773,phs000460.v1.p1,553,1129,0
1795,phs000475.v1.p1,1,0,0
1796,phs000476.v1.p1,10,10,0
1797,phs000477.v1.p1,16,15,0
1798,phs000478.v1.p1,7,6,0
1799,phs000479.v1.p1,2,1,0
1800,phs000480.v1.p1,0,129,238
1805,phs000482.v1.p1,350,267,0
1807,phs000484.v1.p1,5,2,0
1808,phs000485.v1.p1,4,0,0
1809,phs000486.v1.p1,3622,6868,2919
1810,phs000168.v2.p2,2110,3462,4163
1816,phs000490.v1.p1,3929,3501,0
1823,phs000494.v1.p1,2543,2019,0
1838,phs000291.v2.p1,214,123,0
1844,phs000500.v1.p1,4,4,0
1864,phs000510.v1.p1,47,3731,0
1865,phs000511.v1.p1,37,11,0
1867,phs000512.v1.p1,59,38,0
1873,phs000449.v2.p1,115,52,5
1874,phs000518.v1.p1,7,17,0
1875,phs000519.v1.p1,2001,2078,0
1879,phs000170.v2.p1,1681,2367,7072
1880,phs000523.v1.p1,0,1799,0
1881,phs000524.v1.p1,1986,1612,0
1895,phs000537.v1.p1,2,2,0
1896,phs000538.v1.p1,2,4,0
1897,phs000539.v1.p1,3,5,0
1898,phs000540.v1.p1,5,3,0
1899,phs000541.v1.p1,2,5,0
1900,phs000542.v1.p1,2,2,0
1901,phs000543.v1.p1,14,16,0
1906,phs000545.v1.p1,482,282,0
1907,phs000546.v1.p1,40,35,0
1908,phs000547.v1.p1,37,35,3642
1916,phs000549.v1.p1,2,10,0
1917,phs000550.v1.p1,5,3,1
1918,phs000551.v1.p1,413,225,0
1920,phs000341.v2.p1,241,138,3
1922,phs000553.v1.p1,2,4,1
1923,phs000554.v1.p1,120,0,0
1924,phs000413.v2.p1,43,42,0
1925,phs000254.v2.p1,217,214,0
1928,phs000279.v2.p1,405,322,0
1931,phs000558.v1.p1,91,84,0
1934,phs000559.v1.p1,7878,6600,778
1951,phs000561.v1.p1,6,5,0
1952,phs000562.v1.p1,44,13,16
1953,phs000563.v1.p1,3,7,0
1957,phs000565.v1.p1,121,71,0
1973,phs000567.v1.p1,13,13,0
1980,phs000568.v1.p1,16,18,0
1989,phs000276.v2.p1,5203,5712,16
1991,phs000573.v1.p1,67,44,17
1992,phs000574.v1.p1,0,0,1020
1994,phs000576.v1.p1,0,0,245
1995,phs000577.v1.p1,0,0,542
1997,phs000578.v1.p1,0,0,95
1998,phs000579.v1.p1,53,52,0
2000,phs000581.v1.p1,22,26,0
2001,phs000582.v1.p1,7,5,0
2002,phs000262.v3.p2,432,130,50
2005,phs000584.v1.p1,925,1310,501
2017,phs000343.v3.p1,1375,802,64
2018,phs000587.v1.p1,16,13,0
2019,phs000588.v1.p1,0,0,194
2020,phs000589.v1.p1,0,0,138
2021,phs000590.v1.p1,0,0,71
2023,phs000592.v1.p1,0,0,341
2025,phs000594.v1.p1,0,0,9
2026,phs000595.v1.p1,0,0,617
2027,phs000596.v1.p1,0,0,124
2028,phs000597.v1.p1,19,0,0
2029,phs000339.v2.p1,46,88,0
2039,phs000600.v1.p1,0,230,0
2040,phs000601.v1.p1,0,20,0
2047,phs000603.v1.p1,0,0,17
2054,phs000605.v1.p1,0,0,111
2055,phs000606.v1.p1,0,0,1051
2077,phs000614.v1.p1,0,2,0
2079,phs000285.v3.p2,5834,6969,753
2080,phs000200.v9.p3,0,51395,6605
2095,phs000615.v1.p1,5910,5669,0
2098,phs000618.v1.p1,2046,2304,0
2099,phs000619.v1.p1,820,0,0
2100,phs000620.v1.p1,2824,3273,593
2101,phs000621.v1.p1,149,66,0
2108,phs000622.v1.p1,1674,2061,18
2111,phs000623.v1.p1,47,59,0
2112,phs000624.v1.p1,427,339,0
2115,phs000626.v1.p1,6,6,0
2116,phs000627.v1.p1,0,0,174
2117,phs000628.v1.p1,0,5,2
2120,phs000630.v1.p1,466,480,105
2121,phs000631.v1.p1,2176,1595,1
2122,phs000632.v1.p1,12,7,13
2123,phs000633.v1.p1,0,0,103
2124,phs000634.v1.p1,801,1519,0
2130,phs000636.v1.p1,15,29,0
2143,phs000637.v1.p1,650,617,0
2144,phs000638.v1.p1,1341,1146,0
2145,phs000639.v1.p1,465,302,38
2147,phs000641.v1.p1,10,5,0
2151,phs000644.v1.p1,0,20,0
2154,phs000646.v1.p1,4,2,0
2155,phs000647.v1.p1,13,0,0
2156,phs000648.v1.p1,4717,3641,19
2167,phs000652.v1.p1,4499,2573,0
2173,phs000266.v4.p1,2073,1138,0
2174,phs000656.v1.p1,56,49,0
2175,phs000657.v1.p1,16,9,6
2176,phs000658.v1.p1,493,945,3
2177,phs000659.v1.p1,0,0,158
2181,phs000662.v1.p1,299,342,0
2183,phs000251.v2.p2,159,77,0
2184,phs000664.v1.p1,17,17,0
2186,phs000666.v1.p1,937,1617,0
2191,phs000669.v1.p1,55,7068,4
2192,phs000670.v1.p1,194,335,0
2200,phs000671.v1.p1,18,2,0
2202,phs000428.v2.p2,6933,9575,0
2205,phs000598.v2.p2,84,18,198
2206,phs000674.v1.p1,32008,46478,2429
2207,phs000504.v2.p2,110,74,0
2230,phs000677.v1.p1,0,0,5427
2231,phs000678.v1.p1,629,2863,2530
2232,phs000679.v1.p1,0,1001,0
2239,phs000682.v1.p1,103,59,0
2251,phs000249.v2.p1,254,128,0
2253,phs000689.v1.p1,0,0,55
2254,phs000690.v1.p1,15,45,0
2269,phs000697.v1.p1,0,0,39
2270,phs000698.v1.p1,0,0,51
2271,phs000699.v1.p1,58,58,0
2273,phs000701.v1.p1,0,0,91
2275,phs000703.v1.p1,1909,1397,0
2278,phs000706.v1.p1,0,5,0
2280,phs000708.v1.p1,90,109,0
2281,phs000709.v1.p1,0,0,29
2285,phs000710.v1.p1,44,52,12
2286,phs000357.v2.p1,85,748,0
2288,phs000712.v1.p1,310,223,106
2289,phs000713.v1.p1,328,380,0
2290,phs000714.v1.p1,0,0,2925
2299,phs000716.v1.p1,0,9178,0
2301,phs000718.v1.p1,1114,1175,176
2302,phs000719.v1.p1,14,88,0
2304,phs000348.v2.p1,52,26,331
2307,phs000723.v1.p1,0,29,0
2309,phs000313.v4.p2,845,1232,2613
2312,phs000726.v1.p1,546,426,0
2313,phs000727.v1.p1,215,180,0
2315,phs000729.v1.p1,8,10,0
2316,phs000730.v1.p1,103,189,0
2319,phs000732.v1.p1,12,8,0
2320,phs000733.v1.p1,4141,40,0
2323,phs000734.v1.p1,423,294,0
2325,phs000735.v1.p1,0,0,48
2326,phs000552.v2.p1,24,106,0
2339,phs000508.v2.p1,38,32,0
2343,phs000418.v2.p1,14,2,0
2345,phs000306.v4.p1,11286,38,328
2347,phs000340.v3.p1,135,61,0
2348,phs000370.v2.p1,138,46,0
2351,phs000737.v1.p1,565,750,684
2353,phs000739.v1.p1,5,2,0
2355,phs000740.v1.p1,33,7,0
2364,phs000742.v1.p1,0,0,7871
2365,phs000209.v13.p3,11235,12687,1392
2369,phs000743.v1.p1,982,0,1134
2371,phs000745.v1.p1,10,10,0
2377,phs000750.v1.p1,112,138,20
2378,phs000751.v1.p1,1090,526,0
2387,phs000753.v1.p1,1302,988,0
2391,phs000756.v1.p1,4392,4943,0
2392,phs000757.v1.p1,33,21,73
2394,phs000758.v1.p1,10,11,7
2395,phs000759.v1.p1,13,12,0
2397,phs000760.v1.p1,335,251,0
2398,phs000761.v1.p1,1298,1737,411
2400,phs000763.v1.p1,987,1071,1476
2404,phs000766.v1.p1,2383,2371,90
2405,phs000767.v1.p1,132,45,0
2408,phs000770.v1.p1,0,29,0
2410,phs000772.v1.p1,24,11,813
2413,phs000775.v1.p1,497,362,0
2415,phs000776.v1.p1,7,26,0
2416,phs000777.v1.p1,4,6,0
2417,phs000778.v1.p1,1,4,0
2418,phs000779.v1.p1,1457,1445,0
2422,phs000335.v3.p2,2734,1627,247
2424,phs000782.v1.p1,39,7,0
2425,phs000180.v3.p2,2196,1930,31
2429,phs000086.v3.p1,758,689,85
2443,phs000785.v1.p1,0,0,198
2445,phs000787.v1.p1,150,60,0
2452,phs000790.v1.p1,0,0,12
2454,phs000792.v1.p1,41,5,0
2457,phs000794.v1.p1,23,19,0
2458,phs000795.v1.p1,0,6,16
2459,phs000796.v1.p1,1152,2087,0
2460,phs000797.v1.p1,4,1,0
2461,phs000798.v1.p1,0,11,33
2462,phs000799.v1.p1,0,5152,0
2473,phs000807.v1.p1,0,1914,0
2476,phs000809.v1.p1,6,2,0
2479,phs000811.v1.p1,0,0,16
2480,phs000812.v1.p1,503,187,11811
2481,phs000813.v1.p1,1228,1855,15
2482,phs000814.v1.p1,3187,405,0
2491,phs000817.v1.p1,48,208,8
2494,phs000820.v1.p1,410,133,0
2495,phs000821.v1.p1,0,0,1366
2496,phs000822.v1.p1,0,466,0
2497,phs000823.v1.p1,178,209,0
2498,phs000824.v1.p1,37,63,0
2499,phs000825.v1.p1,0,0,2
2500,phs000826.v1.p1,0,0,1579
2502,phs000828.v1.p1,0,0,5
2504,phs000830.v1.p1,22,4,0
2514,phs000832.v1.p1,199,182,0
2519,phs000564.v2.p1,141,137,0
2520,phs000837.v1.p1,3,3,0
2521,phs000838.v1.p1,932,0,0
2522,phs000839.v1.p1,2,3,140
2523,phs000840.v1.p1,3434,3531,0
2525,phs000841.v1.p1,0,180,0
2532,phs000846.v1.p1,0,0,27
2533,phs000691.v2.p1,291,197,163
2535,phs000848.v1.p1,1,2,0
2539,phs000288.v2.p2,1381,1188,0
2541,phs000851.v1.p1,0,5367,0
2542,phs000852.v1.p1,419,365,0
2546,phs000855.v1.p1,39,9,0
2547,phs000856.v1.p1,0,2,0
2548,phs000857.v1.p1,0,50,0
2549,phs000858.v1.p1,2,5,0
2555,phs000862.v1.p1,0,0,5
2556,phs000863.v1.p1,358,292,0
2558,phs000864.v1.p1,3976,16,6
2560,phs000866.v1.p1,45,42,0
2561,phs000867.v1.p1,2182,1746,0
2562,phs000868.v1.p1,0,0,29
2564,phs000869.v1.p1,5550,1379,2
2566,phs000516.v2.p1,68,50,0
2568,phs000147.v3.p1,0,2723,0
2569,phs000870.v1.p1,57,0,0
2570,phs000871.v1.p1,32,34,0
2571,phs000872.v1.p1,18,6,0
2572,phs000873.v1.p1,2,9,4
2573,phs000874.v1.p1,498,452,0
2579,phs000879.v1.p1,30,30,0
2582,phs000882.v1.p1,7639,0,0
2584,phs000883.v1.p1,1331,723,0
2588,phs000885.v1.p1,84,16,5
2593,phs000886.v1.p1,30,44,0
2598,phs000196.v3.p1,2259,2012,0
2613,phs000893.v1.p1,0,299,8323
2614,phs000894.v1.p1,320,235,0
2615,phs000895.v1.p1,176,144,0
2616,phs000896.v1.p1,30,42,0
2617,phs000897.v1.p1,0,0,142
2626,phs000898.v1.p1,0,2,0
2628,phs000900.v1.p1,0,0,75
2629,phs000616.v2.p2,480,477,627
2630,phs000901.v1.p1,44,13,0
2631,phs000902.v1.p1,607,177,0
2632,phs000903.v1.p1,1149,1464,474
2633,phs000904.v1.p1,4,4,6
2636,phs000907.v1.p1,2,11,0
2639,phs000909.v1.p1,300,0,0
2640,phs000517.v3.p1,0,3790,0
2641,phs000910.v1.p1,4063,3942,0
2642,phs000911.v1.p1,8608,8852,1387
2643,phs000912.v1.p1,0,1165,0
2645,phs000914.v1.p1,1297,1926,384
2647,phs000916.v1.p1,516,283,0
2648,phs000917.v1.p1,5982,1309,7
2654,phs000923.v1.p1,141,0,0
2656,phs000925.v1.p1,5225,8324,334
2657,phs000926.v1.p1,3,1,0
2658,phs000927.v1.p1,71,131,0
2659,phs000928.v1.p1,9,23,0
2660,phs000929.v1.p1,32,7335,2
2665,phs000932.v1.p1,8,0,0
2667,phs000934.v1.p1,0,0,1291
2669,phs000935.v1.p1,93,66,0
2670,phs000936.v1.p1,3623,2240,7
2672,phs000938.v1.p1,0,0,4
2675,phs000941.v1.p1,0,0,39
2676,phs000942.v1.p1,26,232,0
2679,phs000944.v1.p1,2048,2881,2
2682,phs000947.v1.p1,0,325,0
2683,phs000948.v1.p1,684,1284,0
2684,phs000949.v1.p1,1399,1929,12
2685,phs000950.v1.p1,0,129,0
2689,phs000206.v5.p3,4940,4762,0
2690,phs000952.v1.p1,1539,1333,1012
2691,phs000953.v1.p1,0,0,218
2693,phs000955.v1.p1,1744,2385,0
2707,phs000957.v1.p1,3625,5582,5
2708,phs000958.v1.p1,96,104,0
2710,phs000959.v1.p1,1343,194,0
2713,phs000962.v1.p1,228,159,144
2714,phs000963.v1.p1,3771,2119,0
2719,phs000967.v1.p1,0,32,0
2721,phs000536.v2.p1,0,0,96
2722,phs000571.v3.p2,4354,3829,0
2723,phs000969.v1.p1,2,2,0
2724,phs000970.v1.p1,0,17,0
2727,phs000973.v1.p1,46,19,0
2729,phs000975.v1.p1,0,0,794
2731,phs000977.v1.p1,0,2,138
2732,phs000978.v1.p1,0,0,2
2734,phs000980.v1.p1,32,36,0
2738,phs000982.v1.p1,1357,1488,2
2740,phs000984.v1.p1,98,110,2
2741,phs000985.v1.p1,942,0,0
2766,phs000260.v4.p2,482,93,0
2768,phs000892.v2.p2,24,178,0
2770,phs000991.v1.p1,1116,1136,0
2785,phs000994.v1.p1,12,7,65
2796,phs001000.v1.p1,1973,349,0
2797,phs001001.v1.p1,761,188,448
2799,phs001002.v1.p1,761,0,0
2803,phs001006.v1.p1,0,94,0
2804,phs000435.v3.p1,531,397,31
2805,phs001007.v1.p1,53,12,0
2806,phs001008.v1.p1,419,605,877
2808,phs001009.v1.p1,73,105,4
2809,phs000474.v3.p2,285,261,10
2817,phs001012.v1.p1,549,628,953
2819,phs001014.v1.p1,72,101,0
2820,phs000741.v2.p1,458,510,7576
2821,phs001015.v1.p1,24,56,0
2822,phs001016.v1.p1,44,0,92
2824,phs001018.v1.p1,0,0,22
2827,phs001021.v1.p1,136,274,0
2828,phs001022.v1.p1,399,94,6
2829,phs001023.v1.p1,601,0,0
2833,phs001026.v1.p1,134,116,0
2836,phs001028.v1.p1,0,10,0
2838,phs001030.v1.p1,246,272,0
2843,phs001033.v1.p1,279,257,1529
2844,phs001034.v1.p1,0,0,4141
2846,phs001036.v1.p1,70,39,0
2847,phs001037.v1.p1,3570,3442,13190
2849,phs001038.v1.p1,9,11,0
2855,phs001041.v1.p1,156,100,0
2857,phs001043.v1.p1,0,4658,0
2858,phs001044.v1.p1,0,35,0
2859,phs001045.v1.p1,169,154,0
2860,phs001046.v1.p1,360,555,0
2864,phs001049.v1.p1,57,48,0
2865,phs001050.v1.p1,0,354,0
2868,phs001053.v1.p1,166,232,1260
2870,phs001055.v1.p1,413,404,0
2872,phs001005.v2.p1,18,7,6
2873,phs001057.v1.p1,894,99,0
2874,phs000801.v2.p1,5221,5570,0
2877,phs001058.v1.p1,306,197,0
2884,phs000332.v3.p2,29,1888,0
2885,phs001063.v1.p1,0,12,0
2890,phs001064.v1.p1,6,6,0
2891,phs001065.v1.p1,0,0,609
2892,phs001066.v1.p1,23,0,0
2893,phs001067.v1.p1,4,2,0
2906,phs000126.v2.p1,1054,1028,109
2907,phs001071.v1.p1,21,16,13
2919,phs000224.v3.p2,1008,1930,0
2920,phs001072.v1.p1,131,48,0
2932,phs001074.v1.p1,205,235,164
2934,phs001076.v1.p1,2379,2104,146
2938,phs001080.v1.p1,62,41,0
2940,phs000267.v5.p2,9798,5962,0
2941,phs001082.v1.p1,111,86,6
2942,phs001083.v1.p1,0,0,99
2945,phs001084.v1.p1,36,40,0
2946,phs001085.v1.p1,0,0,35
2953,phs001088.v1.p1,0,2392,0
2954,phs000722.v2.p2,539,830,0
2956,phs001090.v1.p1,1203,2122,1607
2957,phs001091.v1.p1,12,7,0
2962,phs001095.v1.p1,427,440,0
2964,phs001097.v1.p1,1072,1154,0
2972,phs001105.v1.p1,20,0,0
2974,phs001106.v1.p1,140,171,69
2975,phs001107.v1.p1,23,28,0
2984,phs001108.v1.p1,0,0,46
2987,phs000816.v2.p1,232,279,0
2988,phs000915.v2.p2,763,0,0
3001,phs000998.v2.p1,21,27,0
3003,phs001112.v1.p1,0,33,0
3006,phs001115.v1.p1,4,2,0
3013,phs001121.v1.p1,3,0,0
3014,phs001122.v1.p1,252,184,360
3016,phs001124.v1.p1,54,257,22
3022,phs001130.v1.p1,96,151,348
3025,phs001133.v1.p1,0,16783,0
3026,phs001134.v1.p1,1122,3493,2
3031,phs001139.v1.p1,0,0,94
3032,phs001140.v1.p1,0,0,5731
3033,phs001141.v1.p1,246,0,0
3038,phs001146.v1.p1,0,53,0
3044,phs001151.v1.p1,12,17,0
3046,phs001152.v1.p1,0,28,0
3047,phs001153.v1.p1,0,38,0
3048,phs001154.v1.p1,7278,3340,0
3051,phs001157.v1.p1,4534,4895,0
3053,phs001159.v1.p1,4,0,0
3057,phs001163.v1.p1,177,163,8
3058,phs001164.v1.p1,22,19,0
3059,phs001165.v1.p1,452,440,8
3072,phs000481.v3.p2,815,800,0
3079,phs001173.v1.p1,2521,812,0
3080,phs001174.v1.p1,0,98,0
3093,phs001178.v1.p1,149,150,1
3094,phs000676.v2.p2,0,193,39
3095,phs001179.v1.p1,0,0,18004
3096,phs000497.v3.p2,256,165,0
3098,phs001181.v1.p1,0,16,0
3104,phs000847.v2.p1,873,1269,350
3108,phs001185.v1.p1,931,0,0
3110,phs001187.v1.p1,0,0,75
3119,phs001191.v1.p1,312,588,0
3120,phs001192.v1.p1,0,0,4
3130,phs001196.v1.p1,2788,2408,0
3132,phs001198.v1.p1,49,44,16
3133,phs001199.v1.p1,276,118,0
3134,phs001200.v1.p1,14,12,0
3137,phs000371.v2.p1,1393,1790,28
3138,phs001202.v1.p1,7506,2713,0
3139,phs001203.v1.p1,2530,1046,1
3141,phs000827.v3.p1,241,351,0
3142,phs001205.v1.p1,155,0,317
3143,phs001206.v1.p1,6,6,0
3156,phs001209.v1.p1,17,63,9
3159,phs001212.v1.p1,50,35,6
3161,phs001214.v1.p1,13,0,0
3163,phs001216.v1.p1,241,206,0
3166,phs001219.v1.p1,236,239,0
3168,phs001221.v1.p1,34736,0,669
3169,phs000768.v2.p1,33,23,43
3172,phs001223.v1.p1,57,0,0
3173,phs001224.v1.p1,9,8,0
3174,phs000488.v2.p1,0,0,430
3176,phs001226.v1.p1,0,0,64
3178,phs000649.v2.p2,517,523,0
3180,phs001229.v1.p1,66,62,0
3184,phs001233.v1.p1,3,3,0
3186,phs001235.v1.p1,2,3,0
3190,phs000707.v2.p1,10,8,0
3193,phs001241.v1.p1,14,22,0
3194,phs001242.v1.p1,0,0,1
3195,phs001243.v1.p1,0,0,54
3196,phs001244.v1.p1,145,58,8
3197,phs001245.v1.p1,3,2,2
3198,phs000803.v2.p1,0,22,0
3199,phs001246.v1.p1,12,14,7
3200,phs001247.v1.p1,451,448,0
3201,phs001248.v1.p1,42,52,0
3203,phs001249.v1.p1,0,0,110
3206,phs001251.v1.p1,2,2,0
3207,phs001252.v1.p1,1367,792,587
3209,phs001253.v1.p1,486,77,0
3213,phs001255.v1.p1,0,0,8
3218,phs000452.v3.p1,448,282,295
3219,phs001260.v1.p1,24,19,0
3220,phs001261.v1.p1,0,17,0
3223,phs001264.v1.p1,0,4,0
3224,phs001265.v1.p1,0,58908,1107
3237,phs001270.v1.p1,3,7,4
3243,phs000725.v2.p1,144,99,5
3249,phs001275.v1.p1,70,0,0
3250,phs001276.v1.p1,26,0,78
3251,phs001277.v1.p1,75,0,0
3252,phs001278.v1.p1,0,0,198
3253,phs001279.v1.p1,0,0,39
3264,phs000933.v2.p1,293,212,0
3265,phs001286.v1.p1,10463,2691,0
3267,phs001288.v1.p1,0,0,264
3268,phs001289.v1.p1,0,0,29
3269,phs001290.v1.p1,3297,2933,141
3270,phs001291.v1.p1,0,210,24
3281,phs000284.v2.p1,688,850,2038
3282,phs001297.v1.p1,369,352,180
3285,phs001300.v1.p1,1460,786,0
3289,phs001304.v1.p1,591,953,10
3290,phs001305.v1.p1,0,0,12
3292,phs001307.v1.p1,1400,0,0
3294,phs001309.v1.p1,0,0,159
3295,phs001310.v1.p1,0,0,56
3296,phs001311.v1.p1,0,0,62
3297,phs001312.v1.p1,2058,3160,0
3298,phs001313.v1.p1,0,0,17
3299,phs001314.v1.p1,0,0,17
3300,phs001315.v1.p1,4584,4320,197
3301,phs001316.v1.p1,0,0,3
3303,phs001318.v1.p1,0,0,50
3305,phs001320.v1.p1,0,0,59
3306,phs001321.v1.p1,0,11841,0
3311,phs001326.v1.p1,0,0,748
3313,phs001328.v1.p1,0,0,93
3319,phs001257.v2.p1,20,12,12
3321,phs000783.v2.p1,267,201,3
3325,phs001336.v1.p1,0,1,0
3326,phs001337.v1.p1,0,0,48447
3327,phs001338.v1.p1,0,0,27
3329,phs001340.v1.p1,0,0,24
3330,phs001341.v1.p1,106,158,2
3332,phs001342.v1.p1,30,16,0
3334,phs001343.v1.p1,1,0,124
3335,phs001344.v1.p1,0,52,0
3337,phs001346.v1.p1,73,146,0
3344,phs001351.v1.p1,0,0,2
3346,phs001352.v1.p1,0,0,30
3352,phs001357.v1.p1,228,196,0
3353,phs001358.v1.p1,1092,1230,19
3355,phs001360.v1.p1,486,1811,0
3360,phs001362.v1.p1,0,3,0
3361,phs001363.v1.p1,63,44,31
3362,phs001364.v1.p1,523,619,937
3363,phs001365.v1.p1,0,920,0
3364,phs001366.v1.p1,9,26,0
3365,phs001367.v1.p1,9474,10474,1556
3388,phs001256.v2.p1,50,18,95
3389,phs000747.v2.p1,40,0,0
3390,phs001370.v1.p1,57,42,45
3391,phs001371.v1.p1,0,0,20
3393,phs001372.v1.p1,912,655,0
3396,phs001231.v2.p1,100,48,0
3399,phs001376.v1.p1,4,5,0
3400,phs001377.v1.p1,321,44,0
3401,phs001378.v1.p1,4,2,4
3404,phs001380.v1.p1,2454,983,0
3406,phs001381.v1.p1,352,315,0
3408,phs001383.v1.p1,129,138,317
3409,phs001384.v1.p1,174,94,0
3410,phs001385.v1.p1,24,180,0
3414,phs001389.v1.p1,54,55,0
3416,phs001391.v1.p1,1950,0,0
3417,phs001392.v1.p1,0,0,30
3419,phs001394.v1.p1,314,451,405
3421,phs001396.v1.p1,749,821,3
3422,phs001397.v1.p1,352,469,1256
3424,phs001399.v1.p1,69,0,0
3426,phs001400.v1.p1,6,5,0
3429,phs001403.v1.p1,16,28,0
3430,phs001404.v1.p1,89,344,0
3438,phs001405.v1.p1,0,28,0
3439,phs001406.v1.p1,1170,1785,2244
3440,phs001407.v1.p1,4,42,0
3442,phs001409.v1.p1,0,4594,0
3445,phs001411.v1.p1,0,0,6385
3453,phs001418.v1.p1,13,20,0
3454,phs001419.v1.p1,0,0,1002
3467,phs001177.v2.p1,1541,1954,0
3468,phs001420.v1.p1,437,391,0
3469,phs001421.v1.p1,34,30,0
3471,phs000833.v7.p1,1822,4408,3040
3476,phs001424.v1.p1,21,15,0
3477,phs000694.v3.p2,0,0,39
3478,phs001425.v1.p1,54,31,0
3479,phs001426.v1.p1,129,117,164
3482,phs001428.v1.p1,16,1831,0
3484,phs000939.v2.p1,13,7,0
3487,phs001432.v1.p1,51,35,0
3489,phs001433.v1.p1,24,18,0
3495,phs001438.v1.p1,12,25,0
3496,phs001156.v2.p1,137,159,0
3498,phs001013.v3.p2,606,408,190
3500,phs001439.v1.p1,0,335,0
3502,phs001441.v1.p1,271,294,0
3505,phs001079.v2.p1,0,0,66
3510,phs001447.v1.p1,21,0,0
3511,phs001448.v1.p1,81,93,3
3525,phs001454.v1.p1,0,0,28
3526,phs001455.v1.p1,1905,3890,0
3529,phs001457.v1.p1,2840,7342,11
3530,phs001348.v2.p1,24,21,0
3531,phs001458.v1.p1,721,1165,9893
3532,phs001459.v1.p1,463,6410,19200
3533,phs001460.v1.p1,45,15,0
3534,phs001461.v1.p1,0,11,0
3537,phs001463.v1.p1,0,0,8
3538,phs001464.v1.p1,34,29,0
3539,phs001465.v1.p1,153,0,0
3546,phs001470.v1.p1,18,1504,0
3547,phs001471.v1.p1,141,370,154
3548,phs000788.v2.p3,5737,8463,0
3551,phs000424.v8.p2,15046,7905,0
3552,phs001347.v2.p1,1619,1319,78
3553,phs000842.v2.p1,994,586,248
3558,phs000774.v2.p1,5783,6363,3451
3559,phs001473.v1.p1,174,108,0
3560,phs001474.v1.p1,13,11,0
3561,phs000771.v2.p1,167,65,0
3562,phs001475.v1.p1,575,518,0
3568,phs001479.v1.p1,2,1,0
3581,phs001481.v1.p1,238,218,0
3582,phs001482.v1.p1,0,0,9125
3586,phs001483.v1.p1,0,180,0
3587,phs001484.v1.p1,234,87,0
3602,phs001488.v1.p1,0,0,553
3611,phs001490.v1.p1,1065,1522,0
3625,phs001498.v1.p1,0,0,237
3627,phs000298.v4.p3,7740,4938,94
3629,phs001501.v1.p1,698,378,0
3632,phs001503.v1.p1,0,864,18
3634,phs001505.v1.p1,268,140,0
3640,phs001511.v1.p1,212,338,0
3642,phs001512.v1.p1,28,40,0
3643,phs001513.v1.p1,71,38,0
3647,phs001516.v1.p1,9563,12137,1
3649,phs001386.v2.p1,0,195,3
3651,phs001518.v1.p1,1764,815,0
3656,phs001521.v1.p1,179,118,72
3657,phs001522.v1.p1,654,637,2522
3658,phs001523.v1.p1,0,0,10580
3659,phs001524.v1.p1,5639,35,0
3660,phs001525.v1.p1,111,69,0
3673,phs001528.v1.p1,0,2,0
3674,phs001529.v1.p1,0,0,20287
3676,phs001531.v1.p1,0,188,0
3679,phs001534.v1.p1,51,4523,9
3680,phs001535.v1.p1,0,34,0
3683,phs001538.v1.p1,0,0,541
3684,phs001539.v1.p1,44,57,0
3687,phs001541.v1.p1,387,10506,2025
3700,phs000101.v5.p1,8696,6694,135
3702,phs001554.v1.p1,1075,1817,0
3704,phs001555.v1.p1,0,0,144
3705,phs001556.v1.p1,142,69,0
3706,phs000607.v3.p2,4477,4790,729
3707,phs001557.v1.p1,0,3,0
3709,phs001559.v1.p1,155,28,10
3713,phs000681.v2.p1,859,1676,0
3714,phs001563.v1.p1,0,0,87
3715,phs001322.v2.p1,19,7,0
3718,phs001566.v1.p1,0,2,0
3721,phs001568.v1.p1,0,49,666
3725,phs001571.v1.p1,964,1270,9
3726,phs001572.v1.p1,390,234,0
3727,phs001573.v1.p1,322,180,0
3732,phs001578.v1.p1,176,192,0
3734,phs001580.v1.p1,45,66,0
3740,phs001581.v1.p1,27,7,3
3748,phs001585.v1.p1,269,198,4
3756,phs001586.v1.p1,172,176,0
3759,phs001587.v1.p1,31,0,0
3763,phs001591.v1.p1,1834,3419,1918
3764,phs000304.v3.p1,458,760,1021
3768,phs001594.v1.p1,15,28,0
3769,phs001595.v1.p1,0,0,50
3770,phs001201.v2.p1,661,799,0
3771,phs001596.v1.p1,15,22,0
3772,phs001597.v1.p1,38,24,0
3774,phs001599.v1.p1,459,484,0
3784,phs001609.v1.p1,89,875,0
3787,phs001611.v1.p1,106,81,2
3802,phs001615.v1.p1,0,0,213
3806,phs001618.v1.p1,43,41,0
3809,phs001620.v1.p1,673,1338,41
3810,phs001621.v1.p1,680,0,0
3815,phs001625.v1.p1,112,140,0
3816,phs001238.v2.p1,1137,1900,3140
3818,phs001626.v1.p1,375,418,38
3819,phs001627.v1.p1,3,0,0
3820,phs001628.v1.p1,0,0,119
3821,phs001629.v1.p1,2,0,0
3822,phs001630.v1.p1,1956,720,129
3824,phs001632.v1.p1,648,760,0
3833,phs001641.v1.p1,0,0,2385
3835,phs001643.v1.p1,8,0,0
3837,phs001645.v1.p1,16,9,0
3840,phs001646.v1.p1,0,0,30
3841,phs001647.v1.p1,271,112,131
3844,phs001650.v1.p1,0,0,129
3845,phs001651.v1.p1,72,30,0
3851,phs001653.v1.p1,278,347,0
3852,phs001654.v1.p1,136,28,0
3854,phs001655.v1.p1,35,47,0
3856,phs001657.v1.p1,0,0,1478
3857,phs001658.v1.p1,0,0,33
3858,phs001659.v1.p1,0,0,12
3860,phs001493.v2.p1,89,48,6
3863,phs001663.v1.p1,7,0,0
3866,phs001664.v1.p1,827,392,0
3869,phs001666.v1.p1,64,0,0
3873,phs001670.v1.p1,23,25,0
3876,phs001673.v1.p1,914,1144,38
3894,phs001674.v1.p1,0,0,95
3896,phs001676.v1.p1,5431,3770,0
3898,phs001678.v1.p1,73,43,28
3901,phs001680.v1.p1,68,30,0
3902,phs000876.v2.p1,6682,5533,51
3909,phs001684.v1.p1,18,23,0
3911,phs001685.v1.p1,0,91,0
3912,phs001686.v1.p1,12,12,0
3913,phs001687.v1.p1,0,722,0
3914,phs001688.v1.p1,119,64,0
3916,phs001690.v1.p1,0,114,0
3917,phs001691.v1.p1,1,1,0
3918,phs001692.v1.p1,8,0,0
3919,phs001693.v1.p1,0,20,0
3920,phs001694.v1.p1,6,2,0
3921,phs001695.v1.p1,0,10,0
3923,phs001696.v1.p1,12,8,0
3925,phs001698.v1.p1,129,0,0
3926,phs001699.v1.p1,0,0,155
3927,phs001700.v1.p1,39,85,0
3928,phs001701.v1.p1,425,884,0
3930,phs001702.v1.p1,13,147,0
3932,phs001704.v1.p1,42,10,14
3933,phs001705.v1.p1,314,251,3
3936,phs001706.v1.p1,17,15,0
3939,phs001709.v1.p1,1,477,0
3940,phs001710.v1.p1,235,181,0
3941,phs001711.v1.p1,22,10,0
3942,phs001712.v1.p1,0,0,152
3943,phs001713.v1.p1,1219,2339,0
3944,phs001714.v1.p1,0,0,311
3947,phs001717.v1.p1,152,150,0
3948,phs001550.v2.p1,179,152,17
3949,phs001718.v1.p1,1240,855,0
3951,phs000492.v3.p2,72,91,5
3952,phs001720.v1.p1,10,0,0
3953,phs001721.v1.p1,2234,2574,0
3954,phs001722.v1.p1,0,0,219
3955,phs001723.v1.p1,2384,2409,0
3956,phs001724.v1.p1,2,1,0
3968,phs000507.v2.p2,463,810,12
3971,phs001738.v1.p1,0,0,373
3972,phs001739.v1.p1,0,1505,0
3974,phs001740.v1.p1,355,225,0
3975,phs001741.v1.p1,573,332,0
3977,phs001743.v1.p1,69,9,3
3982,phs001745.v1.p1,597,506,0
3983,phs001746.v1.p1,15,15,0
3984,phs001747.v1.p1,85,257,0
3985,phs001748.v1.p1,18,32,4
3987,phs001750.v1.p1,53,30,0
3992,phs001752.v1.p1,155,0,0
3993,phs001753.v1.p1,91,132,2
3998,phs001175.v2.p2,0,0,366
4009,phs001757.v1.p1,155,190,0
4010,phs001758.v1.p1,2,8,0
4011,phs001759.v1.p1,20,106,0
4018,phs000748.v7.p4,3055,2025,38
4019,phs001048.v2.p1,1214,916,0
4021,phs001329.v2.p1,0,0,5
4022,phs001194.v3.p2,9627,8496,818
4024,phs001765.v1.p1,26,13,2
4027,phs001768.v1.p1,0,53,0
4030,phs001770.v1.p1,0,0,356
4031,phs001771.v1.p1,163,280,0
4034,phs001774.v1.p1,22,28,0
4037,phs001776.v1.p1,102,80,0
4038,phs001777.v1.p1,11,0,0
4039,phs001778.v1.p1,5,6,0
4040,phs001292.v2.p1,0,0,808
4041,phs001779.v1.p1,35,125,18
4042,phs001495.v2.p1,1,13,0
4043,phs001780.v1.p1,379,316,2
4045,phs001781.v1.p1,72,36,0
4048,phs001784.v1.p1,30,11,0
4049,phs001785.v1.p1,0,0,274
4050,phs001786.v1.p1,63,74,0
4051,phs001281.v2.p1,0,0,40
4052,phs001787.v1.p1,96,110,191
4053,phs001788.v1.p1,3903,858,16
4054,phs001123.v2.p1,5947,8558,2690
4058,phs001188.v2.p1,232,190,0
4059,phs000673.v4.p1,2213,1912,0
4062,phs001791.v1.p1,2400,0,72
4063,phs001792.v1.p1,92,372,0
4064,phs001793.v1.p1,22,12,0
4065,phs001794.v1.p1,6,6,0
4067,phs001795.v1.p1,27,35,33
4068,phs001796.v1.p1,36,56,32
4069,phs001742.v2.p1,0,113,0
4071,phs001797.v1.p1,31,15,0
4074,phs001799.v1.p1,0,0,238
4076,phs000645.v5.p1,0,67,206
4078,phs001802.v1.p1,3,2,0
4079,phs001803.v1.p1,223,696,0
4080,phs001804.v1.p1,2280,721,146
4082,phs001805.v1.p1,6,4,0
4083,phs001806.v1.p1,0,0,1059
4084,phs001807.v1.p1,54,33,3
4086,phs001808.v1.p1,23,53,0
4088,phs000989.v4.p1,0,0,7811
4090,phs001811.v1.p1,33,69,0
4092,phs001812.v1.p1,180,146,18
4095,phs001296.v2.p1,0,0,41
4097,phs001295.v2.p1,0,0,293
4107,phs001814.v1.p1,149,130,0
4109,phs001816.v1.p1,0,0,11
4110,phs001817.v1.p1,85,177,0
4113,phs001820.v1.p1,315,182,2
4116,phs001823.v1.p1,443,324,46
4117,phs001824.v1.p1,19,0,0
4118,phs001825.v1.p1,164,0,0
4121,phs001826.v1.p1,2995,3119,22
4123,phs000256.v4.p3,0,6476,0
4128,phs001828.v1.p1,799,593,0
4129,phs001829.v1.p1,29,19,0
4130,phs001208.v2.p1,2523,2892,3087
4131,phs001830.v1.p1,12,0,0
4132,phs001831.v1.p1,147,140,0
4134,phs001833.v1.p1,134,165,0
4135,phs001834.v1.p1,12,18,0
4136,phs001835.v1.p1,0,0,3
4137,phs001836.v1.p1,16,60,0
4140,phs001839.v1.p1,4,8,0
4141,phs001840.v1.p1,6,3,0
4142,phs001841.v1.p1,327,225,799
4143,phs001842.v1.p1,0,44,0
4146,phs001845.v1.p1,342,237,0
4152,phs001846.v1.p1,0,0,1805
4153,phs001847.v1.p1,4,0,0
4154,phs001848.v1.p1,1,2,0
4157,phs001850.v1.p1,34,276,34
4159,phs001851.v1.p1,0,0,556
4160,phs001852.v1.p1,212,187,18
4161,phs001853.v1.p1,33,11,0
4162,phs001854.v1.p1,544,690,0
4163,phs001855.v1.p1,277,323,283
4164,phs001856.v1.p1,4948,4976,0
4165,phs001857.v1.p1,0,677,1351
4166,phs001858.v1.p1,15912,18254,138
4175,phs001861.v1.p1,0,0,24
4176,phs001862.v1.p1,278,380,0
4178,phs000966.v2.p2,294,380,1137
4179,phs001864.v1.p1,13,9,0
4180,phs001865.v1.p1,0,552,0
4181,phs001866.v1.p1,0,166,0
4182,phs001867.v1.p1,12,13,4
4189,phs000521.v2.p1,0,0,131
4190,phs000924.v4.p1,591,1091,170
4192,phs001737.v2.p1,42,21,24
4193,phs001870.v1.p1,0,340,0
4194,phs001871.v1.p1,137,211,0
4195,phs001373.v2.p2,32,20,0
4197,phs001872.v1.p1,290,309,4
4200,phs001875.v1.p1,8,9,2
4202,phs001877.v1.p1,65,17,0
4205,phs001879.v1.p1,292,255,0
4207,phs001880.v1.p1,194,235,0
4208,phs000996.v2.p1,698,687,0
4209,phs001881.v1.p1,2839,1545,0
4211,phs001883.v1.p1,0,45,0
4213,phs001884.v1.p1,81,273,0
4214,phs001885.v1.p1,0,4486,0
4217,phs001887.v1.p1,50,0,0
4219,phs001889.v1.p1,20,14,4
4222,phs001176.v3.p1,921,628,0
4224,phs001892.v1.p1,0,2,11
4228,phs001333.v2.p1,0,0,21
4229,phs001576.v2.p2,0,0,52
4230,phs001331.v2.p1,0,0,1023
4231,phs001894.v1.p1,419,305,0
4233,phs000979.v3.p2,2467,1321,0
4237,phs001897.v1.p1,64,56,4
4240,phs001374.v2.p1,0,0,170
4243,phs001900.v1.p1,670,520,0
4246,phs001258.v2.p1,676,0,0
4248,phs001903.v1.p1,18421,19016,0
4249,phs001648.v2.p1,311,0,0
4250,phs000700.v2.p1,14,8,0
4254,phs000974.v4.p3,1906,2261,0
4257,phs001906.v1.p1,26,37,21
4258,phs001907.v1.p1,0,58,0
4261,phs001416.v2.p1,2563,2855,0
4274,phs001910.v1.p1,27,35,0
4275,phs001911.v1.p1,6,11,38
4276,phs001912.v1.p1,382,45,0
4277,phs001913.v1.p1,79,198,0
4278,phs001914.v1.p1,76,34,2
4279,phs001349.v2.p1,10093,515,0
4282,phs001486.v3.p3,545,531,0
4283,phs001917.v1.p1,454,370,0
4285,phs001919.v1.p1,44,16,0
4287,phs001237.v2.p1,0,11600,45
4289,phs001921.v1.p1,525,0,0
4290,phs001922.v1.p1,0,339,0
4291,phs001623.v2.p1,306,111,56
4294,phs001924.v1.p1,0,8,0
4296,phs001570.v2.p1,3,679,0
4298,phs001703.v3.p1,1147,662,0
4299,phs001925.v1.p1,16,22,0
4300,phs001444.v2.p1,747,532,637
4304,phs000968.v2.p1,208,0,0
4307,phs001330.v2.p1,0,0,40
4308,phs001575.v2.p1,0,0,42
4309,phs001332.v2.p1,0,0,354
4310,phs001929.v1.p1,325,275,0
4311,phs001930.v1.p1,0,0,114
4312,phs001931.v1.p1,20,64,0
4314,phs001932.v1.p1,1362,1243,0
4315,phs000784.v3.p1,518,482,776
4318,phs001933.v1.p1,89,24,0
4319,phs001934.v1.p1,179,192,51
4321,phs001935.v1.p1,6,6,6
4322,phs001936.v1.p1,4,15,0
4323,phs001937.v1.p1,0,189,0
4325,phs000999.v3.p1,130,112,0
4326,phs001325.v3.p1,127,164,112
4329,phs001941.v1.p1,7,0,0
4330,phs001942.v1.p1,16,3,0
4331,phs001943.v1.p1,14,20,0
4348,phs001584.v2.p2,47973,56726,54
4349,phs001895.v2.p1,378,200,0
4357,phs001945.v1.p1,120,11534,34
4358,phs001616.v2.p2,22923,26871,66
4359,phs000791.v2.p1,125,113,21
4362,phs001947.v1.p1,15,8,0
4363,phs001180.v2.p1,2179,2248,35
4367,phs001052.v2.p1,82,39,0
4368,phs001949.v1.p1,13495,15325,0
4373,phs001951.v1.p1,88,40,0
4375,phs001953.v1.p1,0,0,89
4376,phs001954.v1.p1,144,212,0
4377,phs001955.v1.p1,6342,6346,703
4378,phs001956.v1.p1,43,36,0
4379,phs001957.v1.p1,0,0,32
4381,phs001959.v1.p1,3,4,5
4382,phs001960.v1.p1,0,143,0
4384,phs001961.v1.p1,7,4,0
4385,phs001962.v1.p1,0,0,20
4386,phs001963.v1.p1,3885,2953,69
4394,phs001282.v2.p1,29,8,2
4396,phs001564.v3.p1,95,97,40
4397,phs001707.v2.p1,0,0,85
4398,phs001430.v2.p1,0,0,28
4402,phs000815.v2.p1,424,575,396
4403,phs001969.v1.p1,27,10,0
4404,phs001940.v2.p1,38,34,0
4405,phs001970.v1.p1,0,0,134
4407,phs001972.v1.p1,1273,1411,101
4412,phs001975.v1.p1,0,0,5
4418,phs001087.v3.p1,244,91,0
4420,phs000960.v2.p1,0,0,63
4421,phs000575.v2.p1,0,0,390
4424,phs001979.v1.p1,224,131,0
4425,phs001980.v1.p1,4,1,0
4426,phs001981.v1.p1,32,16,0
4428,phs001982.v1.p1,26,36,0
4431,phs001517.v2.p2,514,480,12
4436,phs001266.v2.p1,384,261,721
4437,phs001135.v2.p1,685,293,9
4439,phs001987.v1.p1,0,0,79
4441,phs001988.v1.p1,157,0,0
4444,phs001990.v1.p1,344,760,48
4445,phs000185.v7.p1,512,801,319
4448,phs001993.v1.p1,43,31,0
4450,phs001994.v1.p1,89,31,0
4452,phs001995.v1.p1,298,380,0
4454,phs001997.v1.p1,113,111,567
4457,phs002000.v1.p1,72,68,2
4458,phs001976.v2.p1,44,16,0
4459,phs002001.v1.p1,69,64,0
4461,phs001169.v2.p1,921,193,0
4462,phs002002.v1.p1,2234,513,0
4463,phs002003.v1.p1,111,110,0
4465,phs001916.v2.p1,0,100,0
4468,phs002007.v1.p1,0,0,85
4469,phs002008.v1.p1,74,24,20
4470,phs000280.v7.p1,19515,24125,578
4483,phs000640.v9.p1,0,141,0
4497,phs002015.v1.p1,0,0,4203
4500,phs002017.v1.p1,0,289,0
4502,phs002019.v1.p1,0,0,22
4503,phs002020.v1.p1,438,352,486
4504,phs002021.v1.p1,0,2,0
4506,phs002022.v1.p1,16,30,0
4508,phs002023.v1.p1,6,24,0
4509,phs002024.v1.p1,271,228,0
4510,phs002025.v1.p1,2283,1719,0
4516,phs002030.v1.p1,407,231,0
4520,phs002034.v1.p1,86,59,12
4522,phs002035.v1.p1,25,34,0
4523,phs002036.v1.p1,1,0,0
4524,phs002037.v1.p1,252,224,2
4526,phs000007.v32.p13,23738,28003,7813
4535,phs002039.v1.p1,6192,29463,0
4536,phs002040.v1.p1,2,1,0
4540,phs001619.v3.p1,211,215,125
4542,phs002045.v1.p1,48,22,0
4543,phs002046.v1.p1,1401,4157,27
4545,phs000397.v3.p3,2326,2828,7327
4547,phs002049.v1.p1,84,64,0
4548,phs002050.v1.p1,2226,2830,0
4549,phs002051.v1.p1,0,0,99
4550,phs002052.v1.p1,20,21,0
4551,phs002053.v1.p1,0,0,39
4553,phs002055.v1.p1,179,100,0
4554,phs001938.v2.p1,377,0,0
4556,phs002056.v1.p1,6498,79,0
4559,phs001683.v2.p1,378,391,313
4562,phs002059.v1.p1,973,935,227
4563,phs001886.v2.p1,0,31,0
4565,phs002060.v1.p1,0,624,0
4566,phs002061.v1.p1,0,0,364
4567,phs002062.v1.p1,0,1089,0
4568,phs002063.v1.p1,21,13,0
4571,phs002065.v1.p1,0,0,18
4572,phs002066.v1.p1,160,0,13
4573,phs002067.v1.p1,38,27,1
4574,phs002068.v1.p1,1536,1221,0
4575,phs001011.v2.p1,936,635,0
4576,phs002069.v1.p1,154,184,0
4578,phs000450.v4.p1,252,226,0
4579,phs002071.v1.p1,24,16,1
4581,phs002073.v1.p1,101,139,0
4583,phs002075.v1.p1,0,13,0
4584,phs002006.v2.p1,15,13,1
4594,phs002083.v1.p1,50,0,0
4601,phs002089.v1.p1,6,0,0
4617,phs002105.v1.p1,69,150,0
4642,phs002130.v1.p1,0,0,278
4658,phs002146.v1.p1,16,6,0
4673,phs002161.v1.p1,0,0,410
4674,phs002162.v1.p1,0,0,147
4684,phs002172.v1.p1,0,0,403
4697,phs002185.v1.p1,3759,2225,0
4699,phs002187.v1.p1,0,0,798
4700,phs002188.v1.p1,10,10,0
4709,phs002197.v1.p1,9,7,0
4714,phs002202.v1.p1,0,0,10
4716,phs002204.v1.p1,11,10,0
4720,phs002208.v1.p1,104,77,0
4722,phs002210.v1.p1,0,7,0
4723,phs002211.v1.p1,0,30,0
4724,phs002212.v1.p1,16,2,0
4729,phs002217.v1.p1,3,0,0
4734,phs002222.v1.p1,12,32,0
4736,phs002224.v1.p1,31,85,0
4738,phs002225.v1.p1,0,10,0
4739,phs002226.v1.p1,3747,0,0
4743,phs000976.v2.p1,1586,1774,16716
4744,phs002228.v1.p1,66,47,0
4745,phs001182.v2.p1,41,51,0
4746,phs002229.v1.p1,30,0,0
4747,phs001110.v3.p1,829,743,786
4748,phs002230.v1.p1,241,555,556
4749,phs001818.v3.p1,27,24,0
4753,phs002234.v1.p1,3,1,0
4754,phs002235.v1.p1,4439,3896,0
4758,phs002237.v1.p1,0,0,5
4759,phs002238.v1.p1,419,264,0
4761,phs002240.v1.p1,90,162,0
4765,phs002244.v1.p1,46,20,0
4766,phs002245.v1.p1,342,251,1
4773,phs002252.v1.p1,38,15,0
4782,phs002254.v1.p1,70,64,0
4783,phs002255.v1.p1,209,180,2
4786,phs002258.v1.p1,0,0,732
4788,phs002259.v1.p1,41,185,0
4794,phs002262.v1.p1,0,3,0
4801,phs002269.v1.p1,25,12,0
4802,phs002270.v1.p1,0,0,82
4808,phs001217.v3.p1,973,877,1489
4809,phs001218.v3.p1,734,1044,1427
4812,phs001345.v3.p1,382,882,590
4813,phs001368.v3.p2,1473,2064,0
4814,phs001395.v2.p1,3225,4515,0
4815,phs001412.v3.p1,169,234,580
4818,phs001608.v2.p1,289,351,2
4820,phs001644.v2.p2,5029,6993,27
4821,phs001662.v2.p1,1637,1492,3
4824,phs001819.v2.p1,6,8,25
4832,phs000920.v5.p3,2016,2021,922
4835,phs000954.v4.p2,579,710,3
4836,phs000956.v5.p1,559,552,1081
4838,phs000972.v5.p1,535,807,0
4840,phs000988.v5.p1,2337,2235,413
4841,phs002273.v1.p1,0,0,89
4856,phs002276.v1.p1,46,12,2878
4866,phs002279.v1.p1,540,0,0
4867,phs002280.v1.p1,0,0,55
4870,phs002283.v1.p1,856,467,0
4874,phs002286.v1.p1,3,14,0
4876,phs001800.v2.p1,26,4,0
4877,phs002287.v1.p1,0,0,72
4880,phs002289.v1.p1,34177,16812,0
4882,phs002290.v1.p1,95,36,0
4883,phs002291.v1.p1,8,2,0
4884,phs002292.v1.p1,1811,2344,0
4886,phs002294.v1.p1,0,72,0
4887,phs002295.v1.p1,234,0,0
4892,phs002298.v1.p1,359,36,0
4893,phs001073.v2.p1,46,78,0
4894,phs002299.v1.p1,0,0,479
4896,phs001327.v2.p1,5497,5866,24538
4897,phs002301.v1.p1,129,69,0
4898,phs001422.v2.p1,28,18,0
4901,phs002304.v1.p1,377,244,0
4905,phs001120.v2.p2,12947,0,0
4908,phs002308.v1.p1,0,0,88
4910,phs002309.v1.p1,6,18,0
4911,phs002310.v1.p1,1328,559,34
4912,phs002311.v1.p1,100,194,2
4914,phs002313.v1.p1,0,21,0
4916,phs002315.v1.p1,0,0,2
4917,phs002316.v1.p1,0,0,34
4918,phs002317.v1.p1,232,183,0
4922,phs002319.v1.p1,716,813,0
4928,phs002323.v1.p1,191,176,0
4930,phs001735.v2.p1,2457,2131,1
4932,phs001442.v3.p2,21998,21012,10739
4935,phs002327.v1.p1,11,13,0
4936,phs002328.v1.p1,178,90,0
4937,phs001427.v2.p1,100,23,0
4940,phs002330.v1.p1,0,0,2297
4943,phs001423.v3.p2,927,631,120
4946,phs002333.v1.p1,8,4,0
4947,phs002334.v1.p1,31,47,0
4948,phs002335.v1.p1,7,7,0
4954,phs002340.v1.p1,0,22,0
4955,phs001590.v2.p1,9873,12975,0
4956,phs002341.v1.p1,72,72,0
4957,phs001287.v9.p5,941,818,3235
4958,phs001003.v2.p1,259,419,0
4959,phs002342.v1.p1,5,0,0
4961,phs002344.v1.p1,0,0,17
4963,phs002346.v1.p1,325,53,0
4965,phs002348.v1.p1,0,0,1059
4971,phs001754.v4.p2,3664,6253,0
4982,phs002361.v1.p1,1,1,0
4983,phs001908.v2.p1,16,34,0
4985,phs002362.v1.p1,0,0,5946
4988,phs002364.v1.p1,2,1,0
4989,phs001485.v2.p1,117,91,0
4990,phs002365.v1.p1,18,0,0
4993,phs002366.v1.p1,0,1195,0
4995,phs001388.v2.p1,2460,4132,0
4999,phs001504.v2.p1,489,487,0
5001,phs002368.v1.p1,2,2,0
5012,phs002377.v1.p1,42,36,0
5018,phs000720.v4.p1,586,361,7
5021,phs002383.v1.p1,0,0,720
5023,phs002385.v1.p1,0,0,1518
5024,phs002386.v1.p1,0,0,79
5025,phs002387.v1.p1,0,2529,0
5028,phs002389.v1.p1,38,22,2
5031,phs002392.v1.p1,36,46,0
5033,phs002394.v1.p1,79,95,0
5039,phs001749.v2.p1,911,1204,0
5053,phs002398.v1.p1,129,0,0
5061,phs002405.v1.p1,11,12,0
5063,phs002407.v1.p1,98,83,0
5064,phs002408.v1.p1,5,4,0
5065,phs001500.v2.p1,106,0,0
5067,phs002410.v1.p1,0,0,813
5068,phs002411.v1.p1,0,88,0
5073,phs002415.v1.p1,0,0,219
5075,phs002416.v1.p1,3,36,0
5077,phs002417.v1.p1,1583,1510,0
5078,phs000946.v5.p1,21,53,6
5080,phs002419.v1.p1,0,159,0
5081,phs002176.v2.p1,43,58,0
5083,phs002421.v1.p1,0,0,11
5084,phs000993.v5.p2,464,247,0
5085,phs000997.v5.p2,118,55,0
5086,phs001024.v5.p1,84,44,0
5087,phs001032.v6.p2,826,308,0
5088,phs001515.v2.p2,6460,2710,4
5092,phs001040.v5.p1,0,117,1
5099,phs002428.v1.p1,144,274,0
5101,phs000922.v2.p1,518,168,2
5104,phs001798.v2.p2,0,0,2294
5106,phs002433.v1.p1,22,16,0
5108,phs001189.v4.p1,294,70,2
5110,phs002436.v1.p1,19,17,0
5111,phs002437.v1.p1,16,18,0
5115,phs001359.v3.p1,506,558,6
5116,phs002440.v1.p1,24,14,0
5118,phs001387.v3.p1,1158,1185,3138
5122,phs000971.v3.p1,726,908,0
5123,phs002444.v1.p1,392,323,5
5128,phs002448.v1.p1,2,12,0
5132,phs001402.v3.p1,795,739,1
5136,phs002088.v2.p1,22,18,0
5139,phs002457.v1.p1,3,92,0
5140,phs001434.v2.p1,47,18,0
5141,phs001435.v2.p1,79,41,0
5147,phs001027.v4.p1,636,325,0
5148,phs002462.v1.p1,215,0,0
5152,phs002464.v1.p1,22,1,6
5155,phs001782.v2.p1,536,681,0
5157,phs001783.v2.p1,758,940,0
5159,phs001466.v2.p1,425,409,66
5160,phs000095.v4.p2,2013,2399,1380
5165,phs001543.v2.p1,265,84,1
5166,phs001544.v2.p1,114,7,0
5169,phs002471.v1.p1,5,0,0
5178,phs001545.v2.p1,315,152,9
5179,phs001546.v2.p1,5,1,0
5180,phs001547.v2.p1,75,15,0
5181,phs001598.v2.p1,222,68,0
5182,phs002480.v1.p1,1059,821,2
5186,phs001601.v2.p2,1300,953,0
5187,phs001772.v2.p1,134,132,0
5188,phs001600.v2.p2,710,701,0
5189,phs001602.v2.p1,5,2,0
5191,phs001604.v2.p1,29,27,0
5192,phs002484.v1.p1,49,37,0
5193,phs001605.v2.p1,109,187,0
5194,phs001606.v2.p1,134,190,0
5196,phs002486.v1.p1,30,30,0
5197,phs002487.v1.p1,508,192,0
5202,phs001472.v2.p1,1591,898,0
5216,phs002493.v1.p1,160,88,0
5218,phs001467.v2.p2,1699,3160,52
5223,phs002499.v1.p1,13,6,0
5239,phs002506.v1.p1,4037,3056,0
5240,phs001232.v4.p2,5164,5476,1384
5244,phs002508.v1.p1,483,2373,0
5266,phs001682.v2.p1,186,184,8
5267,phs001661.v3.p1,2791,2673,0
5268,phs001725.v2.p1,468,172,0
5284,phs002545.v1.p1,51,21,0
5285,phs000663.v3.p3,673,882,24
5294,phs001727.v2.p1,22,40,0
5296,phs001728.v2.p1,34,16,0
5297,phs001729.v2.p1,11,8,0
5298,phs001730.v2.p1,24,17,0
5299,phs001732.v2.p1,43,46,0
5303,phs002557.v1.p1,2,0,2
5309,phs001939.v2.p1,126,0,0
5339,phs001813.v2.p1,1254,0,0
5346,phs001468.v3.p1,1298,1450,47
5389,phs001918.v2.p1,5175,3924,0
5413,phs002632.v1.p1,242,607,0
