study,female,male,unknown
EGAS00001002783,0,0,21
EGAS00001002784,23,59,0
EGAS00001002786,0,0,59
EGAS00001002787,694,582,0
EGAS00001002788,14,28,0
EGAS00001002789,0,0,158
EGAS00001002790,11,7,0
EGAS00001002791,7757,3381,0
EGAS00001002792,22,0,0
EGAS00001002793,612,1102,0
EGAS00001002795,22,7,0
EGAS00001002796,0,0,6
EGAS00001002801,69,63,0
EGAS00001002802,0,0,15
EGAS00001002803,54,0,0
EGAS00001002804,14,10,0
EGAS00001002805,60,0,0
EGAS00001002806,2,0,0
EGAS00001002807,24,27,0
EGAS00001002809,4795,3374,0
EGAS00001002811,0,0,36
EGAS00001002812,0,0,57
EGAS00001002814,0,0,520
EGAS00001002816,0,92,0
EGAS00001002818,15,29,0
EGAS00001002819,38,64,0
EGAS00001002820,31,19,0
EGAS00001002822,4,4,0
EGAS00001002823,23,70,0
EGAS00001002825,113,85,0
EGAS00001002826,0,2,0
EGAS00001002827,26,8,0
EGAS00001002830,1,3,0
EGAS00001002831,4,0,0
EGAS00001002833,143,0,0
EGAS00001002839,711,0,0
EGAS00001002840,0,0,3
EGAS00001002842,30,73,0
EGAS00001002844,8,200,0
EGAS00001002845,6,0,0
EGAS00001002846,6,0,0
EGAS00001002847,1,2,0
EGAS00001002850,78,223,0
EGAS00001002851,0,24,0
EGAS00001002852,12,82,0
EGAS00001002853,0,0,14
EGAS00001002854,76,80,0
EGAS00001002856,66,84,0
EGAS00001002858,668,5,16
EGAS00001002859,108,190,0
EGAS00001002860,8,9,0
EGAS00001002861,18,19,0
EGAS00001002863,0,0,34
EGAS00001002864,0,0,74
EGAS00001002865,27,37,0
EGAS00001002866,0,480,192
EGAS00001002869,26,53,0
EGAS00001002871,30,0,0
EGAS00001002872,28,52,0
EGAS00001002873,5,464,3
EGAS00001002874,469,812,0
EGAS00001002876,0,561,0
EGAS00001002877,1,0,0
EGAS00001002879,31,114,0
EGAS00001002882,9,10,0
EGAS00001002884,114,231,0
EGAS00001002885,0,0,42
EGAS00001002886,0,4,46
EGAS00001002888,14,14,0
EGAS00001002889,131,178,0
EGAS00001002891,35,107,0
EGAS00001002892,25,77,0
EGAS00001002893,26,38,0
EGAS00001002894,14,18,0
EGAS00001002895,8,4,0
EGAS00001002896,0,0,693
EGAS00001002897,10,10,0
EGAS00001002898,4,0,0
EGAS00001002899,0,4,54
EGAS00001002901,0,8,0
EGAS00001002903,15,0,0
EGAS00001002908,0,0,17
EGAS00001002910,11,13,0
EGAS00001002911,1,0,0
EGAS00001002917,32,31,0
EGAS00001002920,31,54,0
EGAS00001002921,514,544,105
EGAS00001002923,0,128,0
EGAS00001002927,14,10,0
EGAS00001002928,0,0,589
EGAS00001002929,0,0,5
EGAS00001002931,0,0,37
EGAS00001002932,0,0,76
EGAS00001002933,2208,96,0
EGAS00001002935,17,21,0
EGAS00001002936,204,318,0
EGAS00001002937,960,964,0
EGAS00001002940,3,6,0
EGAS00001002941,0,678,0
EGAS00001002947,183,0,0
EGAS00001002948,0,633,84
EGAS00001002952,37,59,0
EGAS00001002953,43,60,0
EGAS00001002954,26,64,0
EGAS00001002955,2,9,0
EGAS00001002957,11,8,0
EGAS00001002962,77,123,0
EGAS00001002963,26,0,0
EGAS00001002964,1,1,46
EGAS00001002965,0,140,0
EGAS00001002966,305,152,0
EGAS00001002967,0,0,437
EGAS00001002968,0,0,1
EGAS00001002969,1112,1058,0
EGAS00001002976,374,322,0
EGAS00001002977,59,133,0
EGAS00001002979,82,136,6
EGAS00001002980,13,14,1
EGAS00001002981,10,102,0
EGAS00001002983,14,30,0
EGAS00001002987,6,1,0
EGAS00001002988,0,20,0
EGAS00001002991,0,0,5
EGAS00001002993,0,0,639
EGAS00001002996,11,11,0
EGAS00001002998,55,0,0
EGAS00001002999,0,1,0
EGAS00001003001,0,14,0
EGAS00001003003,17,0,0
EGAS00001003004,494,327,52
EGAS00001003007,0,44,0
EGAS00001003008,141,382,0
EGAS00001003010,0,0,256
EGAS00001003016,5,5,0
EGAS00001003017,12,2,0
EGAS00001003018,5953,4808,0
EGAS00001003023,27,799,142
EGAS00001003025,2,0,0
EGAS00001003026,0,9,0
EGAS00001003027,108,102,1007
EGAS00001003028,59,117,115
EGAS00001003029,38,6,0
EGAS00001003031,0,7,0
EGAS00001003032,1,0,0
EGAS00001003033,1,0,0
EGAS00001003035,43,74,0
EGAS00001003038,155,112,0
EGAS00001003039,519,453,0
EGAS00001003040,1644,3212,0
EGAS00001003043,38,156,0
EGAS00001003044,86,0,0
EGAS00001003047,1,2,0
EGAS00001003048,28,0,0
EGAS00001003053,6,4,0
EGAS00001003054,32,129,0
EGAS00001003060,12,38,2
EGAS00001003062,11,17,0
EGAS00001003063,24,96,0
EGAS00001003064,52,84,0
EGAS00001003065,44,136,0
EGAS00001003066,0,0,139
EGAS00001003068,8,22,0
EGAS00001003070,34,53,0
EGAS00001003071,69,114,0
EGAS00001003072,0,1,0
EGAS00001003073,186,0,0
EGAS00001003075,124,0,0
EGAS00001003079,8,19,0
EGAS00001003081,15,29,0
EGAS00001003085,0,0,15
EGAS00001003092,38,18,0
EGAS00001003093,65,379,0
EGAS00001003094,0,0,16
EGAS00001003095,24,0,0
EGAS00001003096,47,53,0
EGAS00001003099,0,0,54
EGAS00001003101,0,0,129
EGAS00001003103,746,659,0
EGAS00001003105,0,0,109
EGAS00001003108,36,0,0
EGAS00001003110,37,34,0
EGAS00001003112,0,0,616
EGAS00001003113,0,1140,0
EGAS00001003114,0,4,0
EGAS00001003115,89,230,0
EGAS00001003116,0,0,14
EGAS00001003117,0,0,17
EGAS00001003118,53,108,0
EGAS00001003119,0,0,380
EGAS00001003121,0,0,30
EGAS00001003123,39,41,0
EGAS00001003127,0,0,12
EGAS00001003128,4,2,0
EGAS00001003130,11,28,0
EGAS00001003131,0,0,40
EGAS00001003136,0,0,18
EGAS00001003137,0,0,12
EGAS00001003138,0,0,9
EGAS00001003139,0,0,9
EGAS00001003140,0,0,19
EGAS00001003142,29,0,0
EGAS00001003144,1641,2747,252
EGAS00001003145,49,211,1
EGAS00001003147,64,26,0
EGAS00001003148,0,8,0
EGAS00001003151,0,0,12
EGAS00001003154,59,82,0
EGAS00001003157,0,0,2
EGAS00001003158,54,151,0
EGAS00001003159,0,0,906
EGAS00001003160,0,0,169
EGAS00001003162,0,6,0
EGAS00001003163,0,0,77
EGAS00001003167,0,0,113
EGAS00001003168,131,74,0
EGAS00001003170,5,16,26
EGAS00001003171,0,34,0
EGAS00001003172,0,109,0
EGAS00001003173,28,0,0
EGAS00001003174,0,0,41
EGAS00001003175,0,0,595
EGAS00001003176,2,0,1
EGAS00001003177,1,0,0
EGAS00001003178,1091,1241,14
EGAS00001003179,0,80,0
EGAS00001003180,39,49,0
EGAS00001003184,94,185,0
EGAS00001003185,0,0,554
EGAS00001003186,91,71,0
EGAS00001003190,31756,13318,0
EGAS00001003193,8,8,0
EGAS00001003195,29517,13866,288
EGAS00001003197,0,0,16
EGAS00001003199,1,0,1
EGAS00001003200,9,0,0
EGAS00001003201,53,52,0
EGAS00001003203,4,8,0
EGAS00001003206,16,24,1
EGAS00001003207,16,60,1055
EGAS00001003208,16,60,1055
EGAS00001003212,0,0,2
EGAS00001003213,3,1,0
EGAS00001003214,50,70,0
EGAS00001003215,0,16,0
EGAS00001003216,16541,6730,70
EGAS00001003217,3,5,3
EGAS00001003220,4,4,0
EGAS00001003221,198,0,0
EGAS00001003223,94,169,0
EGAS00001003225,0,0,22
EGAS00001003228,12,94,0
EGAS00001003231,3,3,0
EGAS00001003232,16,18,0
EGAS00001003233,76,138,4
EGAS00001003234,8,12,0
EGAS00001003235,6,8,0
EGAS00001003237,17,93,0
EGAS00001003238,28,0,0
EGAS00001003239,2,2,0
EGAS00001003242,107,0,0
EGAS00001003244,713,665,0
EGAS00001003245,34,19,0
EGAS00001003248,65,99,0
EGAS00001003249,0,0,693
EGAS00001003250,13,9,0
EGAS00001003251,4,2,0
EGAS00001003252,72,0,0
EGAS00001003254,17,27,0
EGAS00001003255,0,0,13
EGAS00001003257,0,0,145
EGAS00001003258,118,0,0
EGAS00001003263,23,57,0
EGAS00001003266,0,0,1423
EGAS00001003274,4,8,0
EGAS00001003275,12,20,0
EGAS00001003276,102,86,0
EGAS00001003278,0,0,1
EGAS00001003280,355,229,0
EGAS00001003281,3,17,0
EGAS00001003282,18,8,0
EGAS00001003284,24,34,0
EGAS00001003285,12,44,0
EGAS00001003286,0,11,0
EGAS00001003288,1,4,19
EGAS00001003290,1326,0,0
EGAS00001003291,25,28,0
EGAS00001003292,96,0,0
EGAS00001003293,0,192,0
EGAS00001003295,25,9,0
EGAS00001003296,569,485,0
EGAS00001003297,53,1,224
EGAS00001003298,97,60,0
EGAS00001003300,0,2,0
EGAS00001003302,314,409,106
EGAS00001003303,54,70,0
EGAS00001003305,0,0,156
EGAS00001003306,0,0,72
EGAS00001003307,0,0,72
EGAS00001003309,2838,2962,0
EGAS00001003310,9,11,0
EGAS00001003315,49,0,0
EGAS00001003316,0,0,8
EGAS00001003317,46,0,0
EGAS00001003318,29,0,0
EGAS00001003319,0,0,2
EGAS00001003320,12,0,0
EGAS00001003321,24,6,0
EGAS00001003322,24,0,0
EGAS00001003324,0,18,0
EGAS00001003325,0,27,0
EGAS00001003329,8,100,0
EGAS00001003331,24,100,0
EGAS00001003332,4,0,0
EGAS00001003333,25,31,1
EGAS00001003335,0,0,478
EGAS00001003337,55,34,11
EGAS00001003341,2,2,0
EGAS00001003342,18,60,0
EGAS00001003343,3,0,0
EGAS00001003344,34,0,0
EGAS00001003345,16,2,0
EGAS00001003349,4375,0,0
EGAS00001003350,1,2,0
EGAS00001003351,0,178,0
EGAS00001003352,0,48,0
EGAS00001003354,235,0,0
EGAS00001003355,20,25,0
EGAS00001003357,5,6,0
EGAS00001003358,0,0,7
EGAS00001003359,0,0,17
EGAS00001003361,0,0,195
EGAS00001003362,2,0,0
EGAS00001003363,0,0,204
EGAS00001003365,80,44,0
EGAS00001003366,10,0,0
EGAS00001003367,57,98,0
EGAS00001003368,83,96,74
EGAS00001003369,25,54,36
EGAS00001003370,1,12,0
EGAS00001003372,0,0,30657
EGAS00001003380,0,0,290
EGAS00001003382,47,103,39
EGAS00001003383,1195,1804,2
EGAS00001003384,5,4,0
EGAS00001003385,24,30,0
EGAS00001003386,0,0,30
EGAS00001003387,3,0,0
EGAS00001003388,7,58,0
EGAS00001003396,105,244,0
EGAS00001003397,1119,2676,699
EGAS00001003399,0,0,48
EGAS00001003400,10,7,0
EGAS00001003405,12,38,0
EGAS00001003406,8,19,0
EGAS00001003407,124,76,0
EGAS00001003408,0,0,236
EGAS00001003409,0,0,118
EGAS00001003412,5,15,0
EGAS00001003414,0,1,3
EGAS00001003415,213,132,0
EGAS00001003418,5,21,0
EGAS00001003419,637,674,0
EGAS00001003421,26,17,0
EGAS00001003423,1421,1868,0
EGAS00001003424,13398,8820,9
EGAS00001003425,0,0,3
EGAS00001003426,158,142,0
EGAS00001003427,14,0,0
EGAS00001003430,0,0,6
EGAS00001003432,6,10,10
EGAS00001003433,61,52,87
EGAS00001003434,0,0,35
EGAS00001003436,0,3,0
EGAS00001003437,0,0,184
EGAS00001003438,0,0,20
EGAS00001003439,120,200,0
EGAS00001003442,0,13,0
EGAS00001003443,367,271,0
EGAS00001003444,0,0,47
EGAS00001003445,0,0,61
EGAS00001003446,9,12,122
EGAS00001003447,22,60,0
EGAS00001003449,2,34,0
EGAS00001003450,82,110,0
EGAS00001003451,8,16,0
EGAS00001003452,25,15,0
EGAS00001003453,3,10,0
EGAS00001003454,58,26,0
EGAS00001003455,0,0,316
EGAS00001003456,163,245,167
EGAS00001003457,89,655,482
EGAS00001003458,58,106,0
EGAS00001003460,1,0,0
EGAS00001003462,19,6,0
EGAS00001003463,45,49,0
EGAS00001003467,46,26,0
EGAS00001003468,37,75,0
EGAS00001003469,3,1,0
EGAS00001003471,0,0,47
EGAS00001003474,10,37,0
EGAS00001003481,94,46,0
EGAS00001003484,32,66,0
EGAS00001003485,369,367,0
EGAS00001003486,80,65,0
EGAS00001003487,370,0,0
EGAS00001003488,32,52,0
EGAS00001003489,25,29,0
EGAS00001003490,0,0,280
EGAS00001003493,2,4,0
EGAS00001003496,0,0,330
EGAS00001003497,3,0,0
EGAS00001003498,0,0,53
EGAS00001003499,5830,4602,0
EGAS00001003500,0,9,34
EGAS00001003501,0,183,0
EGAS00001003503,20,0,0
EGAS00001003504,598,0,0
EGAS00001003506,0,0,34
EGAS00001003507,37,58,0
EGAS00001003508,131,166,0
EGAS00001003510,1,2,0
EGAS00001003511,3574,3008,0
EGAS00001003513,0,0,53
EGAS00001003514,0,0,40
EGAS00001003517,39,66,12
EGAS00001003519,35,66,52
EGAS00001003520,0,0,6
EGAS00001003521,1,3,0
EGAS00001003525,2,13,3
EGAS00001003530,221,479,2
EGAS00001003531,0,0,18
EGAS00001003534,150,0,0
EGAS00001003535,162,0,0
EGAS00001003536,5,28,1
EGAS00001003538,0,0,30
EGAS00001003539,56,75,0
EGAS00001003540,0,0,187
EGAS00001003542,19,45,982
EGAS00001003544,19,0,0
EGAS00001003545,239,0,0
EGAS00001003546,12,15,0
EGAS00001003547,148,248,0
EGAS00001003548,108,25,0
EGAS00001003549,53,1,224
EGAS00001003554,2,0,0
EGAS00001003555,22,0,0
EGAS00001003556,180,0,0
EGAS00001003558,0,0,14
EGAS00001003560,0,0,42
EGAS00001003563,134,205,0
EGAS00001003564,4,0,0
EGAS00001003565,361,576,3
EGAS00001003570,97,78,0
EGAS00001003571,0,0,7
EGAS00001003572,1,0,0
EGAS00001003573,89,74,0
EGAS00001003575,5,4,1
EGAS00001003576,0,0,50
EGAS00001003579,0,52,0
EGAS00001003582,23,104,0
EGAS00001003583,70,60,0
EGAS00001003585,33,28,0
EGAS00001003586,30,40,0
EGAS00001003592,3,0,0
EGAS00001003594,0,0,20
EGAS00001003596,9,0,0
EGAS00001003598,139,26,0
EGAS00001003599,1,2,0
EGAS00001003600,57,115,0
EGAS00001003601,0,0,18
EGAS00001003602,3,181,0
EGAS00001003603,48,97,1
EGAS00001003605,0,0,59
EGAS00001003611,348,189,0
EGAS00001003616,0,0,15
EGAS00001003617,0,47,0
EGAS00001003620,3,41,0
EGAS00001003623,1,1,0
EGAS00001003624,8,190,0
EGAS00001003627,0,0,53
EGAS00001003628,8,16,0
EGAS00001003629,103,138,0
EGAS00001003631,97,0,0
EGAS00001003633,499,800,0
EGAS00001003634,21,19,11
EGAS00001003635,24,39,0
EGAS00001003638,0,0,54
EGAS00001003639,2139,480,0
EGAS00001003642,161,170,0
EGAS00001003643,3,19,0
EGAS00001003644,3,19,0
EGAS00001003645,3482,2823,0
EGAS00001003646,20,16,0
EGAS00001003647,31,19,8
EGAS00001003650,1,5,2
EGAS00001003651,0,6,0
EGAS00001003652,13,58,8
EGAS00001003653,0,120,0
EGAS00001003654,6,76,0
EGAS00001003656,0,0,45
EGAS00001003657,58,127,0
EGAS00001003658,6,4,0
EGAS00001003659,0,0,38
EGAS00001003660,2,12,0
EGAS00001003661,154,214,0
EGAS00001003662,909,172,0
EGAS00001003663,0,0,6
EGAS00001003667,15,21,18
EGAS00001003670,0,48,0
EGAS00001003671,0,179,0
EGAS00001003672,77,122,0
EGAS00001003673,3,3,0
EGAS00001003674,9,5,0
EGAS00001003676,22,24,0
EGAS00001003679,10,0,0
EGAS00001003680,22,58,0
EGAS00001003681,22,58,0
EGAS00001003682,130,141,116
EGAS00001003684,2,3,0
EGAS00001003685,14,5,0
EGAS00001003686,20,10,0
EGAS00001003687,11,51,0
EGAS00001003689,537,930,0
EGAS00001003690,53,88,6
EGAS00001003695,11,39,0
EGAS00001003699,57,62,1
EGAS00001003700,1,6,0
EGAS00001003701,69,70,0
EGAS00001003702,70,429,21
EGAS00001003705,224,0,0
EGAS00001003709,15,25,0
EGAS00001003710,172,224,0
EGAS00001003711,0,3,0
EGAS00001003714,12,7,0
EGAS00001003715,0,41,0
EGAS00001003719,15,85,7
EGAS00001003722,69,248,0
EGAS00001003723,10,12,0
EGAS00001003724,10,12,0
EGAS00001003725,13,12,0
EGAS00001003726,0,0,54
EGAS00001003727,369,350,0
EGAS00001003730,8,19,2
EGAS00001003731,80,226,108
EGAS00001003732,10,39,0
EGAS00001003733,0,0,10
EGAS00001003734,0,0,10
EGAS00001003737,73,62,1
EGAS00001003738,0,0,2
EGAS00001003739,86,93,0
EGAS00001003745,76,46,0
EGAS00001003746,69,47,0
EGAS00001003750,0,0,90
EGAS00001003753,40,0,0
EGAS00001003754,77,99,35
EGAS00001003755,208,188,0
EGAS00001003763,3,0,0
EGAS00001003764,0,16,0
EGAS00001003765,0,9,0
EGAS00001003766,0,0,30
EGAS00001003767,17,26,0
EGAS00001003769,6,4,0
EGAS00001003774,0,0,312
EGAS00001003775,0,0,2
EGAS00001003776,2,0,0
EGAS00001003778,39,129,15
EGAS00001003779,17,16,0
EGAS00001003781,60,174,60
EGAS00001003784,0,3,0
EGAS00001003785,1,5,0
EGAS00001003786,0,0,44
EGAS00001003787,7,20,0
EGAS00001003789,220,0,0
EGAS00001003790,7,15,0
EGAS00001003791,14,24,0
EGAS00001003792,20,0,0
EGAS00001003800,7,0,0
EGAS00001003801,0,0,827
EGAS00001003802,0,0,827
EGAS00001003803,7,8,0
EGAS00001003804,0,0,252
EGAS00001003805,37306,18242,24
EGAS00001003806,40,66,0
EGAS00001003809,2,1,0
EGAS00001003812,409,903,0
EGAS00001003814,48,154,0
EGAS00001003817,3,3,0
EGAS00001003818,349,244,0
EGAS00001003819,1062,1083,0
EGAS00001003820,21,18,0
EGAS00001003821,20,0,0
EGAS00001003822,9,4,0
EGAS00001003823,0,141,0
EGAS00001003826,85,2,0
EGAS00001003827,15,0,0
EGAS00001003828,132,370,4
EGAS00001003829,24,21,0
EGAS00001003830,23,45,0
EGAS00001003831,0,0,59
EGAS00001003834,30,17,0
EGAS00001003837,45,63,0
EGAS00001003839,52,17,0
EGAS00001003840,52,17,0
EGAS00001003841,52,17,0
EGAS00001003843,0,0,290
EGAS00001003845,3,9,15
EGAS00001003846,0,0,173
EGAS00001003847,0,0,54
EGAS00001003848,0,151,0
EGAS00001003849,2,0,1
EGAS00001003852,3,6,0
EGAS00001003853,82,59,0
EGAS00001003856,1,6,0
EGAS00001003857,14,38,0
EGAS00001003860,0,17,0
EGAS00001003861,1,1,0
EGAS00001003863,3,0,54
EGAS00001003870,0,12,0
EGAS00001003872,244,256,0
EGAS00001003875,0,0,4810
EGAS00001003876,4,5,0
EGAS00001003882,0,11,150
EGAS00001003883,53,22,0
EGAS00001003886,4,6,0
EGAS00001003887,29,43,0
EGAS00001003889,7,18,0
EGAS00001003892,52,54,0
EGAS00001003893,26,118,0
EGAS00001003895,15,34,0
EGAS00001003896,24,150,0
EGAS00001003897,11,9,0
EGAS00001003899,0,154,0
EGAS00001003901,68,74,0
EGAS00001003917,74,98,8
EGAS00001003922,12,21,0
EGAS00001003923,3,3,0
EGAS00001003928,0,50,0
EGAS00001003931,0,0,634
EGAS00001003932,0,0,368
EGAS00001003934,20,0,0
EGAS00001003942,0,5,0
EGAS00001003944,63,127,4
EGAS00001003946,0,0,8
EGAS00001003950,18,9,0
EGAS00001003951,8,0,0
EGAS00001003952,0,0,85
EGAS00001003953,182,234,0
EGAS00001003955,52,35,0
EGAS00001003958,0,115,0
EGAS00001003962,54,12,0
EGAS00001003963,4,5,0
EGAS00001003964,0,0,17
EGAS00001003968,48,75,0
EGAS00001003970,18,26,0
EGAS00001003973,0,78,0
EGAS00001003974,85,167,0
EGAS00001003975,97,189,490
EGAS00001003976,0,0,48
EGAS00001003979,0,0,2
EGAS00001003980,44,0,0
EGAS00001003982,18,48,0
EGAS00001003984,0,0,18
EGAS00001003985,0,0,18
EGAS00001003986,22,15,0
EGAS00001003987,0,0,28
EGAS00001003988,0,0,28
EGAS00001003989,0,0,125
EGAS00001003991,13,9,0
EGAS00001003992,15,13,0
EGAS00001003993,39,6,0
EGAS00001003994,76,12,0
EGAS00001003996,0,0,21
EGAS00001003997,128,127,0
EGAS00001004000,97,149,0
EGAS00001004003,0,1,0
EGAS00001004006,0,0,394
EGAS00001004007,292,254,0
EGAS00001004008,1,9,0
EGAS00001004009,0,0,24
EGAS00001004014,25,0,0
EGAS00001004015,2,0,0
EGAS00001004016,0,0,1
EGAS00001004018,0,0,9
EGAS00001004019,3,6,0
EGAS00001004020,0,30,0
EGAS00001004022,0,0,117
EGAS00001004023,0,29,0
EGAS00001004026,225,315,0
EGAS00001004027,0,0,177
EGAS00001004028,3,0,0
EGAS00001004030,8,0,0
EGAS00001004031,7,0,0
EGAS00001004032,20,50,0
EGAS00001004033,3,14,0
EGAS00001004034,4,9,0
EGAS00001004035,0,6,0
EGAS00001004036,95,59,0
EGAS00001004042,73,118,0
EGAS00001004043,10,7,0
EGAS00001004044,73,118,0
EGAS00001004050,0,87,0
EGAS00001004053,5,26,0
EGAS00001004055,0,3,0
EGAS00001004056,73,118,0
EGAS00001004059,0,16,0
EGAS00001004063,106,75,0
EGAS00001004066,102,98,233
EGAS00001004070,2,6,0
EGAS00001004071,169,137,0
EGAS00001004074,12,34,0
EGAS00001004076,5,0,0
EGAS00001004077,22,8,0
EGAS00001004078,21,8,0
EGAS00001004079,16,8,0
EGAS00001004080,0,0,29
EGAS00001004081,149,148,0
EGAS00001004082,21,14,0
EGAS00001004084,2,2,0
EGAS00001004085,14,42,0
EGAS00001004086,5,6,0
EGAS00001004087,584,250,0
EGAS00001004088,0,8,0
EGAS00001004090,0,0,160
EGAS00001004091,0,0,74
EGAS00001004092,1293,1309,0
EGAS00001004093,4,0,0
EGAS00001004097,35,46,0
EGAS00001004106,10,24,18
EGAS00001004107,0,0,379
EGAS00001004110,0,0,12
EGAS00001004111,0,2705,0
EGAS00001004112,19,26,0
EGAS00001004113,0,0,16
EGAS00001004114,49,118,0
EGAS00001004115,4,6,0
EGAS00001004117,40,0,0
EGAS00001004118,23,0,1
EGAS00001004122,102,97,11
EGAS00001004123,9,3,0
EGAS00001004124,20,22,0
EGAS00001004126,262,401,0
EGAS00001004127,0,0,499
EGAS00001004135,21,49,0
EGAS00001004136,0,0,10
EGAS00001004139,474,159,0
EGAS00001004145,3,4,0
EGAS00001004147,0,30,0
EGAS00001004151,68,100,0
EGAS00001004152,0,0,48
EGAS00001004153,11,24,3
EGAS00001004156,21,0,34
EGAS00001004157,2,7,1
EGAS00001004160,0,0,164
EGAS00001004165,122,259,0
EGAS00001004168,0,94,0
EGAS00001004169,14,12,4
EGAS00001004175,122,259,0
EGAS00001004176,2,0,0
EGAS00001004177,83,220,0
EGAS00001004181,0,0,40
EGAS00001004182,60,0,0
EGAS00001004186,0,132,0
EGAS00001004189,0,0,74
EGAS00001004192,0,977,0
EGAS00001004194,0,0,60
EGAS00001004196,4,2,0
EGAS00001004200,20,0,0
EGAS00001004201,0,80,0
EGAS00001004204,85,53,0
EGAS00001004208,0,0,31
EGAS00001004209,261,153,21
EGAS00001004211,8,0,0
EGAS00001004212,65,68,0
EGAS00001004213,56,102,0
EGAS00001004216,0,0,40
EGAS00001004218,18,0,0
EGAS00001004220,14,0,0
EGAS00001004221,25,0,0
EGAS00001004224,564,2,0
EGAS00001004229,0,3,0
EGAS00001004230,2,6,0
EGAS00001004231,0,10,0
EGAS00001004232,0,10,0
EGAS00001004233,0,10,0
EGAS00001004235,516,0,0
EGAS00001004239,25,26,0
EGAS00001004242,47,54,0
EGAS00001004243,0,0,74
EGAS00001004248,20,0,0
EGAS00001004249,79,0,0
EGAS00001004255,8,4,0
EGAS00001004266,0,5,0
EGAS00001004267,719,814,22
EGAS00001004268,31,0,0
EGAS00001004270,0,2,0
EGAS00001004271,15,30,0
EGAS00001004272,0,44,0
EGAS00001004273,12,4,0
EGAS00001004274,12,4,0
EGAS00001004275,0,0,6
EGAS00001004276,267,271,0
EGAS00001004277,2,0,0
EGAS00001004282,0,2,0
EGAS00001004283,2,2,0
EGAS00001004284,161,155,0
EGAS00001004285,5,13,0
EGAS00001004286,10,9,0
EGAS00001004289,55,156,61
EGAS00001004290,14,17,0
EGAS00001004291,18,35,0
EGAS00001004292,67,211,0
EGAS00001004296,142,97,1
EGAS00001004298,0,0,176
EGAS00001004301,53,90,3
EGAS00001004303,97,140,12
EGAS00001004312,7,25,2
EGAS00001004314,0,0,71
EGAS00001004315,0,56,21
EGAS00001004316,0,0,188
EGAS00001004319,6,9,0
EGAS00001004325,28,41,0
EGAS00001004327,1782,0,0
EGAS00001004328,0,114,0
EGAS00001004329,156,794,161
EGAS00001004335,10,0,0
EGAS00001004340,0,3,0
EGAS00001004341,110,130,0
EGAS00001004342,0,0,37
EGAS00001004343,1346,3600,824
EGAS00001004344,3,6,0
EGAS00001004345,14,8,0
EGAS00001004347,9,11,0
EGAS00001004348,12,12,0
EGAS00001004349,488,918,0
EGAS00001004352,126,226,36
EGAS00001004353,1498,3939,0
EGAS00001004355,0,0,213
EGAS00001004356,154,0,0
EGAS00001004357,14,18,0
EGAS00001004358,12,73,0
EGAS00001004361,19,0,0
EGAS00001004364,0,0,1
EGAS00001004365,286,180,0
EGAS00001004366,112,0,0
EGAS00001004367,66,163,0
EGAS00001004370,20,25,0
EGAS00001004373,0,0,83
EGAS00001004374,0,0,16
EGAS00001004375,0,0,11
EGAS00001004379,8,30,0
EGAS00001004381,4,0,0
EGAS00001004383,48,48,0
EGAS00001004386,137,474,0
EGAS00001004388,6,8,17
EGAS00001004390,92,0,0
EGAS00001004391,74,97,97
EGAS00001004392,5,0,0
EGAS00001004394,5,5,0
EGAS00001004395,52,109,0
EGAS00001004396,0,73,0
EGAS00001004397,3,30,0
EGAS00001004401,83,113,0
EGAS00001004402,13,17,0
EGAS00001004404,0,24,0
EGAS00001004405,39,0,0
EGAS00001004406,86,81,0
EGAS00001004407,12,12,2131
EGAS00001004408,576,0,0
EGAS00001004409,0,0,5
EGAS00001004412,0,0,1
EGAS00001004413,1,2,0
EGAS00001004415,0,0,467
EGAS00001004416,0,0,260
EGAS00001004418,12,5,275
EGAS00001004419,10,6,0
EGAS00001004422,4,14,7
EGAS00001004424,191,73,12
EGAS00001004428,10,0,20
EGAS00001004430,1,50,0
EGAS00001004431,83,205,0
EGAS00001004434,166,225,0
EGAS00001004437,679,680,0
EGAS00001004438,64,42,30
EGAS00001004439,17,0,0
EGAS00001004440,18,53,0
EGAS00001004443,9,6,0
EGAS00001004444,64,64,0
EGAS00001004445,0,0,1036
EGAS00001004446,38,27,0
EGAS00001004447,0,0,29
EGAS00001004448,582,240,153
EGAS00001004451,0,8,0
EGAS00001004452,21,0,0
EGAS00001004454,0,0,18
EGAS00001004455,0,0,22
EGAS00001004456,0,3,0
EGAS00001004458,0,20,0
EGAS00001004459,6,19,0
EGAS00001004460,8,10,12
EGAS00001004461,314,415,0
EGAS00001004466,18,0,0
EGAS00001004467,0,14,0
EGAS00001004468,2,19,0
EGAS00001004470,27,15,0
EGAS00001004472,46,33,5
EGAS00001004473,68,9,0
EGAS00001004476,44,4,0
EGAS00001004479,10,12,0
EGAS00001004480,799,676,20
EGAS00001004481,9,27,0
EGAS00001004482,47,54,2
EGAS00001004484,33,29,0
EGAS00001004485,139,173,504
EGAS00001004491,40,108,0
EGAS00001004492,72,108,1
EGAS00001004494,0,2,0
EGAS00001004495,60,24,0
EGAS00001004499,3457,0,0
EGAS00001004502,248,386,16
EGAS00001004503,31,89,0
EGAS00001004504,0,2,0
EGAS00001004505,28,93,0
EGAS00001004507,76,254,0
EGAS00001004508,0,0,19
EGAS00001004510,66,0,0
EGAS00001004511,10,5,0
EGAS00001004512,0,0,4
EGAS00001004515,19,53,0
EGAS00001004516,9,0,0
EGAS00001004517,16,16,0
EGAS00001004518,2235,0,0
EGAS00001004519,30,68,0
EGAS00001004521,0,0,249
EGAS00001004523,4,14,4
EGAS00001004524,23,14,0
EGAS00001004525,6,50,0
EGAS00001004527,60,38,0
EGAS00001004528,60,38,0
EGAS00001004532,0,0,148
EGAS00001004533,0,0,63
EGAS00001004535,0,1,0
EGAS00001004536,98,157,0
EGAS00001004538,0,0,19
EGAS00001004540,144,173,0
EGAS00001004541,16,1,0
EGAS00001004542,102,262,0
EGAS00001004544,47,89,0
EGAS00001004545,20,34,0
EGAS00001004546,9,3,0
EGAS00001004548,22,48,0
EGAS00001004550,5,0,0
EGAS00001004554,587,148,0
EGAS00001004555,38,84,0
EGAS00001004558,6,4,0
EGAS00001004561,85,39,0
EGAS00001004562,0,0,64
EGAS00001004564,14,24,0
EGAS00001004567,8,24,0
EGAS00001004570,34,47,15
EGAS00001004571,64,61,16
EGAS00001004572,1099,1192,0
EGAS00001004574,16,14,0
EGAS00001004575,0,63,0
EGAS00001004576,16,32,0
EGAS00001004578,81,0,0
EGAS00001004582,336,0,0
EGAS00001004583,40,11,0
EGAS00001004587,1138,1652,0
EGAS00001004588,38,128,0
EGAS00001004592,19,15,0
EGAS00001004593,57,61,0
EGAS00001004594,612,0,0
EGAS00001004595,2,12,0
EGAS00001004597,56,0,0
EGAS00001004600,121,41,0
EGAS00001004601,69,0,0
EGAS00001004603,9,51,1
EGAS00001004610,46,81,0
EGAS00001004611,0,8,0
EGAS00001004612,0,0,25
EGAS00001004613,0,6,0
EGAS00001004614,1,1,0
EGAS00001004615,49,255,40
EGAS00001004619,0,0,187
EGAS00001004621,2,2,0
EGAS00001004623,12,12,0
EGAS00001004625,1005,276,1187
EGAS00001004629,26,157,0
EGAS00001004630,106,0,0
EGAS00001004632,16,12,0
EGAS00001004636,0,224,0
EGAS00001004639,58,40,0
EGAS00001004640,198,292,110
EGAS00001004641,730,0,0
EGAS00001004642,0,0,42
EGAS00001004646,3,0,0
EGAS00001004647,2,11,5
EGAS00001004648,0,4,0
EGAS00001004649,6,33,0
EGAS00001004650,151,109,0
EGAS00001004651,17,18,0
EGAS00001004653,10,17,0
EGAS00001004654,12,18,0
EGAS00001004655,139,135,1
EGAS00001004656,18,22,22
EGAS00001004659,34,68,22
EGAS00001004660,28,33,9
EGAS00001004661,15,10,0
EGAS00001004662,516,0,0
EGAS00001004663,0,12,0
EGAS00001004664,150,231,0
EGAS00001004665,196,0,0
EGAS00001004668,27,14,0
EGAS00001004669,0,0,10
EGAS00001004670,289,0,0
EGAS00001004671,0,0,12
EGAS00001004673,0,87,0
EGAS00001004674,0,0,616
EGAS00001004675,0,26,0
EGAS00001004682,112,259,0
EGAS00001004684,258,320,0
EGAS00001004689,3,7,0
EGAS00001004693,121,414,0
EGAS00001004695,4,14,0
EGAS00001004696,0,0,36
EGAS00001004697,12,8,0
EGAS00001004700,0,0,44
EGAS00001004701,0,0,576
EGAS00001004702,3,4,6
EGAS00001004705,43,95,0
EGAS00001004706,115,196,0
EGAS00001004707,0,0,14
EGAS00001004709,0,3,0
EGAS00001004710,166,178,0
EGAS00001004714,212,0,0
EGAS00001004716,20466,9534,0
EGAS00001004717,12,23,0
EGAS00001004719,7,16,0
EGAS00001004724,32,0,0
EGAS00001004727,0,0,7
EGAS00001004728,17,45,24
EGAS00001004729,0,0,572
EGAS00001004733,0,0,124
EGAS00001004735,138,117,0
EGAS00001004736,10,2,0
EGAS00001004739,3,4,115
EGAS00001004740,0,0,62
EGAS00001004741,0,0,62
EGAS00001004742,0,0,62
EGAS00001004743,0,0,62
EGAS00001004744,0,0,62
EGAS00001004745,0,0,62
EGAS00001004746,47,77,0
EGAS00001004748,2,2,0
EGAS00001004749,28,33,6
EGAS00001004750,24,33,0
EGAS00001004751,26,22,0
EGAS00001004752,0,0,1110
EGAS00001004754,663,271,0
EGAS00001004755,710,0,0
EGAS00001004756,48,0,0
EGAS00001004757,12,27,75
EGAS00001004758,0,291,0
EGAS00001004760,0,0,2328
EGAS00001004763,6,50,0
EGAS00001004764,0,0,16
EGAS00001004765,0,11,0
EGAS00001004766,55,114,0
EGAS00001004767,15,20,0
EGAS00001004768,2,2,22
EGAS00001004769,2,2,22
EGAS00001004770,0,20,0
EGAS00001004772,9,24,0
EGAS00001004773,24,0,0
EGAS00001004777,0,6,0
EGAS00001004780,0,0,91
EGAS00001004782,0,6,0
EGAS00001004783,35,16,0
EGAS00001004784,0,95,0
EGAS00001004788,0,0,152
EGAS00001004789,0,11,0
EGAS00001004791,6,6,0
EGAS00001004792,35,50,0
EGAS00001004793,1,2,0
EGAS00001004794,0,0,103
EGAS00001004795,0,0,103
EGAS00001004796,6,6,0
EGAS00001004797,0,0,21
EGAS00001004798,0,0,11
EGAS00001004800,0,368,0
EGAS00001004805,36,55,0
EGAS00001004808,34,34,0
EGAS00001004809,159,0,0
EGAS00001004810,224,322,6
EGAS00001004812,110,297,0
EGAS00001004814,79,0,0
EGAS00001004816,0,0,151
EGAS00001004820,1191,1147,0
EGAS00001004821,31,31,0
EGAS00001004824,480,139,0
EGAS00001004825,0,0,12
EGAS00001004826,0,0,6368
EGAS00001004827,3,3,6
EGAS00001004828,0,1,0
EGAS00001004829,2,0,0
EGAS00001004830,44,60,0
EGAS00001004832,0,0,120
EGAS00001004833,0,0,65
EGAS00001004835,0,0,7
EGAS00001004836,21,0,34
EGAS00001004837,1,2,1
EGAS00001004839,1,1,0
EGAS00001004844,0,0,2383
EGAS00001004847,220,296,0
EGAS00001004850,0,0,228
EGAS00001004851,7,5,0
EGAS00001004852,0,400,0
EGAS00001004857,0,9,0
EGAS00001004860,15,6,0
EGAS00001004861,16,24,0
EGAS00001004862,176,770,0
EGAS00001004864,0,0,1
EGAS00001004867,0,22,0
EGAS00001004868,10,5,0
EGAS00001004869,83,51,0
EGAS00001004870,7780,5703,6
EGAS00001004871,7,8,0
EGAS00001004872,72,37,0
EGAS00001004877,0,0,23
EGAS00001004878,9,17,0
EGAS00001004879,162,259,0
EGAS00001004880,38,36,0
EGAS00001004881,14,6,0
EGAS00001004885,37,63,0
EGAS00001004886,96,52,16
EGAS00001004888,0,0,813
EGAS00001004889,47,127,0
EGAS00001004890,130,0,0
EGAS00001004894,10,101,0
EGAS00001004895,111,82,45
EGAS00001004897,0,0,7
EGAS00001004899,2,0,0
EGAS00001004900,141,0,0
EGAS00001004902,8,0,0
EGAS00001004903,0,42,0
EGAS00001004904,0,34,0
EGAS00001004905,107,111,0
EGAS00001004906,10,23,40
EGAS00001004907,0,57,0
EGAS00001004908,12,24,0
EGAS00001004912,0,0,12
EGAS00001004913,125,145,1
EGAS00001004915,0,6,0
EGAS00001004918,0,0,100
EGAS00001004925,86,0,0
EGAS00001004926,9,32,40
EGAS00001004927,19,67,0
EGAS00001004928,3,5,2
EGAS00001004931,0,0,100
EGAS00001004933,2615,1880,112
EGAS00001004934,0,0,228
EGAS00001004935,118,0,0
EGAS00001004936,109,124,0
EGAS00001004940,64,2,0
EGAS00001004941,24,39,0
EGAS00001004943,495,271,0
EGAS00001004944,44,0,0
EGAS00001004946,9,0,0
EGAS00001004947,11,0,0
EGAS00001004948,7,0,0
EGAS00001004949,94,151,0
EGAS00001004950,178,31,0
EGAS00001004951,46,176,28
EGAS00001004953,94,0,0
EGAS00001004959,120,112,0
EGAS00001004960,16,0,0
EGAS00001004962,87,168,0
EGAS00001004964,170,150,0
EGAS00001004966,15,16,0
EGAS00001004967,0,0,89
EGAS00001004968,0,0,89
EGAS00001004969,0,0,89
EGAS00001004970,0,0,89
EGAS00001004971,0,0,89
EGAS00001004973,0,0,24
EGAS00001004975,6,10,2
EGAS00001004979,0,0,205
EGAS00001004982,188,130,0
EGAS00001004987,12,0,0
EGAS00001004988,0,0,12
EGAS00001004989,9,10,0
EGAS00001004990,6,24,0
EGAS00001004992,1,12,0
EGAS00001004994,192,0,0
EGAS00001004995,95,55,0
EGAS00001004996,79,146,0
EGAS00001004997,1342,4768,0
EGAS00001004998,163,126,23
EGAS00001004999,27,21,0
EGAS00001005000,0,13,0
EGAS00001005001,4,6,0
EGAS00001005004,29,0,0
EGAS00001005008,18,10,9
EGAS00001005011,8,9,0
EGAS00001005012,671,620,186
EGAS00001005013,329,562,0
EGAS00001005015,7,8,0
EGAS00001005018,0,21,0
EGAS00001005019,15,16,0
EGAS00001005020,0,0,7231
EGAS00001005021,29,6,0
EGAS00001005022,17,20,0
EGAS00001005023,11,43,0
EGAS00001005026,3702,3912,0
EGAS00001005027,4780,3464,0
EGAS00001005029,18,5,0
EGAS00001005030,18,22,0
EGAS00001005032,0,0,100
EGAS00001005033,281,0,0
EGAS00001005038,0,0,7231
EGAS00001005039,0,0,15
EGAS00001005040,1,1,0
EGAS00001005042,1267,1232,9
EGAS00001005045,506,0,0
EGAS00001005046,11,0,0
EGAS00001005050,8,39,0
EGAS00001005051,2,4,433
EGAS00001005052,745,426,0
EGAS00001005054,0,0,139
EGAS00001005055,3742,0,0
EGAS00001005060,0,4,0
EGAS00001005061,5,0,0
EGAS00001005065,10,5,0
EGAS00001005066,4,0,0
EGAS00001005068,16,144,0
EGAS00001005069,9,6,0
EGAS00001005070,133,0,0
EGAS00001005071,0,5,0
EGAS00001005073,36,201,0
EGAS00001005075,42,62,0
EGAS00001005076,424,0,0
EGAS00001005077,9,4,0
EGAS00001005081,0,0,143
EGAS00001005083,0,0,1094
EGAS00001005084,91,142,116
EGAS00001005085,0,0,59
EGAS00001005086,9,0,0
EGAS00001005087,19,50,0
EGAS00001005093,0,0,198
EGAS00001005096,41,35,0
EGAS00001005097,2,36,0
EGAS00001005099,301156,147356,364
EGAS00001005102,0,0,3
EGAS00001005104,225,198,0
EGAS00001005107,40,51,15
EGAS00001005108,94,140,0
EGAS00001005109,150,72,0
EGAS00001005110,0,0,1
EGAS00001005115,18,0,0
EGAS00001005116,3,0,0
EGAS00001005121,2,2,22
EGAS00001005125,22,20,0
EGAS00001005127,136,207,3
EGAS00001005128,27,0,0
EGAS00001005130,27,0,0
EGAS00001005132,36,47,0
EGAS00001005134,13,0,0
EGAS00001005137,0,17,0
EGAS00001005138,32,0,0
EGAS00001005140,13,15,0
EGAS00001005147,3,63,0
EGAS00001005151,0,0,4
EGAS00001005159,0,0,56
EGAS00001005160,0,0,64
EGAS00001005161,0,0,52
EGAS00001005171,0,0,1243
EGAS00001005173,26,0,0
EGAS00001005174,0,0,2
EGAS00001005178,1,0,0
EGAS00001005180,10,12,0
EGAS00001005181,0,1,0
EGAS00001005182,21,17,0
EGAS00001005187,30,17,0
EGAS00001005188,182,0,0
EGAS00001005199,53,19,0
EGAS00001005201,9,7,0
EGAS00001005202,8,3,17
EGAS00001005204,0,146,0
EGAS00001005206,0,14,0
EGAS00001005214,0,6,0
EGAS00001005215,0,6,0
EGAS00001005220,4,0,0
EGAS00001005221,5,39,0
EGAS00001005222,12,54,0
EGAS00001005224,0,0,5
EGAS00001005225,48,18,0
EGAS00001005230,0,0,661
EGAS00001005232,143,90,16
EGAS00001005234,4,2,0
EGAS00001005237,9,16,0
EGAS00001005242,539,221,0
EGAS00001005243,7,10,0
EGAS00001005245,31,9,0
EGAS00001005248,0,0,182
EGAS00001005255,0,0,43
EGAS00001005256,0,0,3
EGAS00001005258,1,10,0
EGAS00001005263,180,96,0
EGAS00001005268,0,0,142
EGAS00001005274,16,23,0
EGAS00001005276,24,12,0
EGAS00001005277,0,57,0
EGAS00001005280,3,8,0
EGAS00001005281,5,0,1
EGAS00001005286,0,0,19
EGAS00001005299,16,82,0
EGAS00001005300,373,645,0
EGAS00001005303,14,25,0
EGAS00001005304,4493,6373,4
EGAS00001005305,7,17,0
EGAS00001005312,121,142,0
EGAS00001005313,4,0,0
EGAS00001005314,46,28,0
EGAS00001005317,84,99,1
EGAS00001005319,0,0,491
EGAS00001005320,6,0,0
EGAS00001005321,9,13,0
EGAS00001005323,1092,0,0
EGAS00001005325,0,0,19
EGAS00001005326,33,46,0
EGAS00001005328,12,70,0
EGAS00001005329,0,0,229
EGAS00001005331,0,6,0
EGAS00001005332,292,476,0
EGAS00001005339,58,56,0
EGAS00001005340,452,420,0
EGAS00001005341,64,23,0
EGAS00001005343,96,310,0
EGAS00001005345,0,1,0
EGAS00001005346,1,3,0
EGAS00001005347,0,0,6
EGAS00001005348,1350,1055,5
EGAS00001005350,72,58,0
EGAS00001005352,4,35,0
EGAS00001005354,1,2,0
EGAS00001005355,0,2,0
EGAS00001005356,55,54,0
EGAS00001005357,2,2,0
EGAS00001005358,8,0,0
EGAS00001005359,126,210,60
EGAS00001005363,6,3,0
EGAS00001005366,0,6,0
EGAS00001005368,0,1,0
EGAS00001005369,47,46,0
EGAS00001005372,1,2,0
EGAS00001005373,15593,12429,0
EGAS00001005376,462,378,148
EGAS00001005377,0,0,8
EGAS00001005378,27,25,0
EGAS00001005379,107,68,2
EGAS00001005380,0,0,11
EGAS00001005384,8,11,0
EGAS00001005387,8,7,1
EGAS00001005392,12,12,0
EGAS00001005393,30,28,0
EGAS00001005394,0,0,161
EGAS00001005395,20,0,0
EGAS00001005396,9,9,0
EGAS00001005398,0,2,0
EGAS00001005399,0,33,0
EGAS00001005401,49,44,6
EGAS00001005402,36,8,0
EGAS00001005403,5,11,0
EGAS00001005405,0,5,1
EGAS00001005407,0,0,5
EGAS00001005408,0,0,96
EGAS00001005411,167,215,0
EGAS00001005412,3278,4003,0
EGAS00001005414,35,0,0
EGAS00001005417,200,355,0
EGAS00001005418,0,0,8
EGAS00001005420,27,27,19
EGAS00001005421,679,1271,0
EGAS00001005422,106,115,0
EGAS00001005424,0,0,27
EGAS00001005430,30,55,0
EGAS00001005431,169,268,0
EGAS00001005432,169,268,0
EGAS00001005433,169,268,0
EGAS00001005434,59,74,0
EGAS00001005435,234,309,2
EGAS00001005436,0,0,346
EGAS00001005437,228,434,0
EGAS00001005448,0,0,3
EGAS00001005454,0,0,62
EGAS00001005455,96,0,0
EGAS00001005457,0,0,818
EGAS00001005458,971,821,0
EGAS00001005461,43,43,0
EGAS00001005462,0,0,89
EGAS00001005464,66,54,0
EGAS00001005465,76,79,35
EGAS00001005466,0,0,64
EGAS00001005470,58,117,0
EGAS00001005478,51,94,0
EGAS00001005480,8,21,0
EGAS00001005482,75,65,0
EGAS00001005493,912,989,77
EGAS00001005495,52,109,6
EGAS00001005496,0,3,0
EGAS00001005498,74,0,0
EGAS00001005499,48,35,0
EGAS00001005502,3,7,0
EGAS00001005507,40,94,0
EGAS00001005511,217,383,0
EGAS00001005512,217,383,0
EGAS00001005513,6,18,0
EGAS00001005516,43,76,2
EGAS00001005517,1440,0,0
EGAS00001005518,10,2,0
EGAS00001005522,0,30,0
EGAS00001005524,72,54,0
EGAS00001005530,0,0,47
EGAS00001005532,253,106,0
EGAS00001005533,0,0,144
EGAS00001005535,104,146,4
EGAS00001005536,2,8,0
EGAS00001005539,175,144,0
EGAS00001005540,16,40,10
EGAS00001005541,6,21,0
EGAS00001005543,5,9,7
EGAS00001005550,0,0,51
EGAS00001005554,549,609,0
EGAS00001005556,0,0,876
EGAS00001005558,17,76,0
EGAS00001005560,0,0,62
EGAS00001005569,77,78,0
EGAS00001005573,69,67,0
EGAS00001005577,36,0,0
EGAS00001005579,0,0,79
EGAS00001005582,27,9,0
EGAS00001005583,18,27,0
EGAS00001005588,14,14,17
EGAS00001005591,3,6,0
EGAS00001005593,5,19,1
EGAS00001005597,1,0,0
EGAS00001005600,2,14,0
EGAS00001005601,350,0,0
EGAS00001005604,45,84,1
EGAS00001005605,3,2,0
EGAS00001005606,27,95,17
EGAS00001005610,0,0,2
EGAS00001005612,7,17,0
EGAS00001005613,0,0,1
EGAS00001005616,49,140,0
EGAS00001005618,0,0,1
EGAS00001005626,688,0,0
EGAS00001005627,69,76,0
EGAS00001005632,121,83,0
EGAS00001005633,12,12,0
EGAS00001005634,1,4,0
EGAS00001005638,8,64,0
EGAS00001005640,0,64,0
EGAS00001005647,64,22,0
EGAS00001005648,0,0,32
EGAS00001005653,2,0,0
EGAS00001005655,70,85,0
EGAS00001005662,6,41,0
EGAS00001005673,1,0,0
EGAS00001005685,0,6,0
EGAS00001005689,9,0,0
EGAS00001005690,2,2,3
