phs000001	2012-04-06	14:28	-	
phs000007	2020-12-22	13:37	-	
phs000016	2011-04-08	10:51	-	
phs000017	2011-04-08	10:51	-	
phs000018	2014-12-22	11:32	-	
phs000019	2011-04-08	10:51	-	
phs000020	2011-04-08	10:51	-	
phs000021	2011-04-08	10:51	-	
phs000048	2011-04-08	10:51	-	
phs000049	2011-04-08	10:51	-	
phs000050	2011-04-08	10:51	-	
phs000086	2014-11-05	15:21	-	
phs000088	2011-04-08	10:51	-	
phs000089	2011-04-08	10:51	-	
phs000090	2011-04-08	10:51	-	
phs000091	2011-04-08	10:51	-	
phs000092	2011-04-08	10:51	-	
phs000093	2011-04-08	10:51	-	
phs000094	2011-04-08	10:51	-	
phs000095	2021-11-08	07:10	-	
phs000096	2011-12-02	13:24	-	
phs000100	2011-04-13	15:32	-	
phs000101	2018-09-11	11:34	-	
phs000102	2011-04-08	10:51	-	
phs000103	2011-04-08	10:51	-	
phs000122	2011-04-08	10:51	-	
phs000123	2011-04-29	11:51	-	
phs000124	2011-04-08	10:51	-	
phs000125	2011-04-08	10:51	-	
phs000126	2016-09-29	12:33	-	
phs000127	2011-04-08	10:51	-	
phs000128	2011-04-08	10:51	-	
phs000130	2011-04-08	10:51	-	
phs000138	2011-04-08	10:51	-	
phs000139	2011-04-08	10:52	-	
phs000140	2011-04-08	10:52	-	
phs000142	2011-04-08	10:52	-	
phs000143	2011-04-08	10:52	-	
phs000144	2011-04-08	10:52	-	
phs000145	2013-04-19	08:43	-	
phs000147	2015-06-11	15:27	-	
phs000153	2016-03-02	12:48	-	
phs000159	2021-07-21	13:18	-	
phs000160	2013-11-07	08:36	-	
phs000166	2011-04-08	10:52	-	
phs000167	2011-04-08	10:52	-	
phs000168	2015-04-28	13:22	-	
phs000169	2011-04-08	10:52	-	
phs000170	2015-03-09	14:06	-	
phs000171	2011-04-08	10:52	-	
phs000178	2021-02-23	13:18	-	
phs000179	2019-05-03	10:49	-	
phs000180	2015-05-28	08:20	-	
phs000181	2011-04-08	10:52	-	
phs000182	2011-04-08	10:52	-	
phs000184	2011-04-29	11:51	-	
phs000185	2020-06-24	08:20	-	
phs000187	2011-04-08	10:52	-	
phs000188	2011-04-08	10:52	-	
phs000196	2015-06-30	13:26	-	
phs000199	2011-04-08	10:52	-	
phs000200	2019-10-11	15:39	-	
phs000201	2014-04-18	08:42	-	
phs000202	2011-04-08	10:52	-	
phs000203	2011-04-08	10:52	-	
phs000204	2011-04-08	10:52	-	
phs000205	2016-06-20	13:54	-	
phs000206	2015-09-25	14:10	-	
phs000207	2011-04-08	10:52	-	
phs000209	2014-11-18	16:07	-	
phs000210	2011-04-08	10:52	-	
phs000211	2011-04-08	10:52	-	
phs000215	2013-09-28	20:59	-	
phs000216	2011-04-08	10:52	-	
phs000217	2019-10-08	09:23	-	
phs000218	2021-10-09	09:19	-	
phs000219	2011-04-08	10:52	-	
phs000220	2018-06-28	13:07	-	
phs000221	2011-06-21	16:32	-	
phs000222	2020-02-27	09:51	-	
phs000223	2012-03-30	13:08	-	
phs000224	2020-02-13	08:38	-	
phs000225	2011-04-08	10:52	-	
phs000226	2011-07-20	14:57	-	
phs000227	2012-09-28	10:45	-	
phs000228	2018-02-09	14:30	-	
phs000233	2019-09-12	11:40	-	
phs000234	2018-05-30	14:57	-	
phs000235	2021-09-02	21:25	-	
phs000236	2012-04-18	07:33	-	
phs000237	2011-04-22	10:09	-	
phs000238	2013-11-21	08:22	-	
phs000239	2011-04-08	10:52	-	
phs000240	2011-08-03	19:39	-	
phs000244	2011-04-08	10:52	-	
phs000245	2011-04-08	10:52	-	
phs000247	2017-08-01	23:56	-	
phs000248	2014-02-13	12:09	-	
phs000249	2014-04-21	13:01	-	
phs000250	2011-07-08	13:08	-	
phs000251	2014-03-05	08:31	-	
phs000252	2011-04-08	10:52	-	
phs000254	2012-10-24	15:16	-	
phs000255	2011-04-08	10:52	-	
phs000256	2019-10-31	15:57	-	
phs000257	2018-09-25	09:17	-	
phs000258	2011-04-15	10:56	-	
phs000259	2011-04-08	10:52	-	
phs000260	2017-10-13	11:11	-	
phs000261	2011-04-08	10:52	-	
phs000262	2017-09-08	18:23	-	
phs000263	2011-04-08	10:52	-	
phs000264	2011-04-08	10:52	-	
phs000265	2011-10-17	13:50	-	
phs000266	2013-10-25	16:18	-	
phs000267	2017-01-09	15:07	-	
phs000268	2011-04-08	10:52	-	
phs000269	2011-04-08	10:52	-	
phs000272	2011-04-08	10:52	-	
phs000273	2011-07-12	11:23	-	
phs000274	2011-11-30	14:51	-	
phs000275	2012-10-02	11:58	-	
phs000276	2014-01-24	11:03	-	
phs000277	2020-07-09	05:42	-	
phs000279	2013-10-25	13:55	-	
phs000280	2020-06-30	08:46	-	
phs000282	2011-04-08	10:52	-	
phs000283	2011-04-08	10:52	-	
phs000284	2018-11-30	15:32	-	
phs000285	2013-08-23	11:56	-	
phs000286	2019-05-10	10:38	-	
phs000287	2020-04-30	09:38	-	
phs000288	2017-11-16	10:27	-	
phs000289	2011-06-28	15:00	-	
phs000290	2011-09-06	16:11	-	
phs000291	2012-05-21	09:19	-	
phs000292	2011-04-08	10:52	-	
phs000293	2013-07-26	11:56	-	
phs000294	2011-04-08	10:52	-	
phs000295	2017-12-29	08:12	-	
phs000297	2012-09-26	14:05	-	
phs000298	2018-07-13	09:26	-	
phs000299	2014-02-28	13:54	-	
phs000301	2012-06-14	15:09	-	
phs000302	2011-08-19	14:37	-	
phs000303	2011-10-28	15:13	-	
phs000304	2018-05-14	08:48	-	
phs000305	2011-04-08	10:52	-	
phs000306	2014-04-17	15:15	-	
phs000308	2011-04-08	10:52	-	
phs000309	2011-11-08	13:45	-	
phs000310	2011-05-02	16:38	-	
phs000311	2011-05-03	12:26	-	
phs000313	2017-12-05	16:50	-	
phs000314	2012-07-18	07:48	-	
phs000327	2013-03-25	11:28	-	
phs000328	2013-12-30	14:07	-	
phs000330	2011-04-08	10:52	-	
phs000331	2012-03-30	12:05	-	
phs000332	2016-02-03	07:42	-	
phs000333	2011-10-25	15:25	-	
phs000335	2015-06-25	08:52	-	
phs000336	2011-05-27	11:01	-	
phs000337	2016-07-29	13:43	-	
phs000338	2011-04-29	11:20	-	
phs000339	2013-03-28	14:16	-	
phs000340	2014-04-17	09:15	-	
phs000341	2013-06-11	13:13	-	
phs000342	2011-04-28	15:57	-	
phs000343	2013-06-11	12:25	-	
phs000344	2011-06-30	11:20	-	
phs000345	2012-05-02	12:55	-	
phs000346	2015-06-12	12:20	-	
phs000347	2013-07-10	15:13	-	
phs000348	2014-12-23	09:49	-	
phs000349	2011-05-05	13:36	-	
phs000350	2014-04-01	12:48	-	
phs000351	2011-05-17	12:57	-	
phs000352	2012-01-20	16:52	-	
phs000353	2011-08-16	16:00	-	
phs000354	2013-09-27	15:32	-	
phs000355	2014-12-17	13:38	-	
phs000356	2017-05-31	14:43	-	
phs000357	2018-09-28	15:37	-	
phs000358	2011-09-15	14:25	-	
phs000359	2012-08-31	14:28	-	
phs000360	2016-08-11	15:05	-	
phs000361	2011-08-12	14:06	-	
phs000362	2013-08-28	12:34	-	
phs000364	2013-11-15	22:09	-	
phs000365	2011-08-16	16:36	-	
phs000366	2011-08-02	22:39	-	
phs000367	2013-08-12	14:56	-	
phs000368	2011-11-30	11:56	-	
phs000369	2012-04-20	08:27	-	
phs000370	2014-04-17	15:49	-	
phs000371	2016-11-21	17:23	-	
phs000372	2014-02-19	16:20	-	
phs000373	2017-12-01	10:54	-	
phs000374	2011-11-08	13:46	-	
phs000375	2012-02-08	14:07	-	
phs000376	2014-10-21	14:05	-	
phs000378	2014-05-06	11:45	-	
phs000379	2011-10-05	15:17	-	
phs000380	2012-01-18	13:12	-	
phs000381	2011-12-19	15:40	-	
phs000382	2018-06-07	08:53	-	
phs000383	2012-12-14	12:14	-	
phs000384	2012-07-30	16:56	-	
phs000385	2011-11-29	14:01	-	
phs000387	2011-12-19	15:41	-	
phs000388	2011-09-21	11:32	-	
phs000389	2011-11-04	12:57	-	
phs000390	2012-04-26	16:41	-	
phs000391	2012-12-11	14:54	-	
phs000392	2011-10-20	14:22	-	
phs000393	2012-01-18	13:19	-	
phs000394	2012-06-22	13:32	-	
phs000395	2012-07-23	08:03	-	
phs000396	2011-10-07	13:01	-	
phs000397	2020-11-10	19:46	-	
phs000398	2012-02-22	11:49	-	
phs000400	2012-02-22	11:01	-	
phs000401	2012-03-02	14:21	-	
phs000402	2012-03-01	08:37	-	
phs000404	2011-12-13	15:58	-	
phs000405	2012-11-21	07:30	-	
phs000406	2011-10-26	21:49	-	
phs000407	2012-05-02	12:56	-	
phs000408	2011-12-06	12:22	-	
phs000409	2013-03-19	16:09	-	
phs000410	2014-03-14	11:41	-	
phs000413	2012-11-21	07:29	-	
phs000414	2012-05-30	09:38	-	
phs000415	2015-08-14	11:22	-	
phs000416	2019-06-27	07:50	-	
phs000417	2012-02-02	08:42	-	
phs000418	2014-04-17	09:03	-	
phs000419	2012-02-03	10:06	-	
phs000421	2013-05-31	14:53	-	
phs000422	2013-05-16	12:32	-	
phs000423	2012-03-10	09:58	-	
phs000424	2019-07-18	17:50	-	
phs000425	2012-03-11	19:41	-	
phs000426	2011-12-15	10:47	-	
phs000428	2017-02-02	10:22	-	
phs000430	2013-02-20	16:02	-	
phs000431	2015-02-23	15:36	-	
phs000433	2012-08-17	12:09	-	
phs000434	2012-09-12	12:25	-	
phs000435	2017-04-05	16:13	-	
phs000436	2014-02-26	16:01	-	
phs000437	2014-05-01	11:34	-	
phs000438	2014-09-30	14:51	-	
phs000439	2012-09-05	11:46	-	
phs000440	2012-03-20	12:35	-	
phs000442	2012-04-12	15:58	-	
phs000443	2012-05-08	15:05	-	
phs000444	2014-12-17	13:27	-	
phs000445	2012-10-16	15:35	-	
phs000447	2012-04-26	16:37	-	
phs000448	2012-09-04	13:28	-	
phs000449	2012-08-09	08:00	-	
phs000450	2020-11-02	07:08	-	
phs000451	2012-09-14	08:08	-	
phs000452	2020-03-02	09:07	-	
phs000454	2013-06-26	08:12	-	
phs000455	2012-06-22	13:38	-	
phs000456	2012-05-08	14:37	-	
phs000458	2013-12-18	09:31	-	
phs000459	2016-01-13	11:20	-	
phs000460	2014-05-23	14:23	-	
phs000461	2014-02-19	14:19	-	
phs000462	2013-05-09	07:34	-	
phs000472	2017-09-13	16:07	-	
phs000473	2016-10-26	15:32	-	
phs000474	2016-04-28	12:43	-	
phs000475	2012-06-08	14:37	-	
phs000476	2012-07-17	11:29	-	
phs000477	2012-06-07	11:59	-	
phs000478	2012-05-07	10:05	-	
phs000479	2013-04-25	15:07	-	
phs000480	2020-07-21	07:50	-	
phs000481	2020-07-31	07:53	-	
phs000482	2012-09-07	13:34	-	
phs000484	2012-06-07	11:58	-	
phs000485	2012-06-08	14:38	-	
phs000486	2014-12-22	11:31	-	
phs000487	2014-04-15	15:21	-	
phs000488	2016-12-08	12:59	-	
phs000490	2012-10-02	12:40	-	
phs000491	2012-10-05	12:26	-	
phs000492	2020-07-14	18:11	-	
phs000493	2013-02-22	16:24	-	
phs000494	2012-07-23	12:50	-	
phs000495	2012-08-30	10:40	-	
phs000496	2014-07-09	15:32	-	
phs000497	2016-10-14	09:05	-	
phs000500	2013-04-25	16:06	-	
phs000501	2014-12-17	13:38	-	
phs000502	2012-08-03	10:03	-	
phs000504	2013-12-04	11:36	-	
phs000505	2013-07-31	11:51	-	
phs000507	2019-07-09	12:26	-	
phs000508	2014-04-17	08:54	-	
phs000509	2015-06-23	11:04	-	
phs000510	2020-12-08	11:28	-	
phs000511	2012-10-01	12:00	-	
phs000512	2012-10-19	12:35	-	
phs000513	2012-09-14	13:22	-	
phs000514	2012-10-25	11:59	-	
phs000516	2017-04-13	14:31	-	
phs000517	2015-06-11	15:34	-	
phs000518	2012-10-12	19:50	-	
phs000519	2014-03-12	14:08	-	
phs000521	2020-05-01	05:44	-	
phs000522	2013-01-17	07:31	-	
phs000523	2012-09-17	12:23	-	
phs000524	2013-01-04	14:39	-	
phs000525	2013-03-29	13:18	-	
phs000535	2012-11-02	13:01	-	
phs000536	2016-02-25	13:34	-	
phs000537	2012-11-26	14:38	-	
phs000538	2012-11-28	12:50	-	
phs000539	2012-12-04	14:53	-	
phs000540	2012-11-30	12:11	-	
phs000541	2013-03-28	17:18	-	
phs000542	2012-11-28	12:51	-	
phs000543	2014-11-07	12:24	-	
phs000545	2015-06-12	12:52	-	
phs000546	2013-07-10	11:50	-	
phs000547	2012-12-19	13:17	-	
phs000548	2013-07-10	11:47	-	
phs000549	2013-06-18	14:58	-	
phs000550	2013-01-30	15:34	-	
phs000551	2014-02-20	11:21	-	
phs000552	2014-04-15	15:24	-	
phs000553	2013-06-27	14:46	-	
phs000554	2017-10-18	10:10	-	
phs000556	2013-07-10	11:47	-	
phs000558	2017-04-07	11:33	-	
phs000559	2014-01-15	15:06	-	
phs000560	2014-07-25	14:16	-	
phs000561	2012-11-14	14:06	-	
phs000562	2013-01-30	10:14	-	
phs000563	2013-07-01	12:27	-	
phs000564	2015-07-14	11:44	-	
phs000565	2012-12-14	15:36	-	
phs000567	2013-01-11	14:25	-	
phs000568	2013-01-10	12:22	-	
phs000571	2016-01-06	12:51	-	
phs000572	2019-12-05	12:16	-	
phs000573	2013-04-02	14:06	-	
phs000574	2017-03-13	14:54	-	
phs000575	2020-03-02	08:48	-	
phs000576	2017-03-20	14:22	-	
phs000577	2018-02-01	09:50	-	
phs000578	2017-10-24	17:15	-	
phs000579	2013-11-26	12:01	-	
phs000580	2013-06-18	11:45	-	
phs000581	2013-06-11	13:09	-	
phs000582	2013-05-16	13:50	-	
phs000583	2014-03-24	12:32	-	
phs000584	2021-01-28	13:54	-	
phs000585	2016-10-26	14:28	-	
phs000586	2017-04-10	11:02	-	
phs000587	2014-04-28	12:59	-	
phs000588	2019-08-14	08:11	-	
phs000589	2019-07-30	08:02	-	
phs000590	2018-09-05	13:01	-	
phs000592	2017-07-27	16:36	-	
phs000594	2017-06-21	09:57	-	
phs000595	2017-08-18	16:11	-	
phs000596	2017-08-18	16:11	-	
phs000597	2013-11-26	13:32	-	
phs000598	2013-11-22	13:01	-	
phs000600	2015-01-14	15:56	-	
phs000601	2013-10-29	12:20	-	
phs000602	2014-04-17	09:17	-	
phs000603	2018-03-15	10:56	-	
phs000604	2013-08-22	11:43	-	
phs000605	2018-04-02	09:52	-	
phs000606	2018-03-19	11:44	-	
phs000607	2018-05-17	14:48	-	
phs000608	2013-12-13	12:39	-	
phs000609	2013-06-20	12:45	-	
phs000611	2014-01-15	12:46	-	
phs000612	2014-06-04	16:13	-	
phs000614	2013-07-22	15:20	-	
phs000615	2014-09-29	11:22	-	
phs000616	2015-07-17	14:39	-	
phs000617	2016-06-21	14:36	-	
phs000618	2013-10-25	14:07	-	
phs000619	2013-09-05	10:56	-	
phs000620	2015-06-25	08:51	-	
phs000621	2013-06-26	12:04	-	
phs000622	2014-12-23	14:28	-	
phs000623	2013-08-22	11:51	-	
phs000624	2019-11-15	08:07	-	
phs000625	2014-07-03	12:14	-	
phs000626	2015-08-25	11:44	-	
phs000627	2014-03-14	12:38	-	
phs000628	2014-12-16	16:07	-	
phs000629	2014-10-21	14:11	-	
phs000630	2014-05-02	13:45	-	
phs000631	2014-01-15	15:07	-	
phs000632	2014-01-30	12:45	-	
phs000633	2014-03-21	11:39	-	
phs000634	2015-06-30	09:06	-	
phs000636	2013-08-22	12:50	-	
phs000637	2013-10-29	12:26	-	
phs000638	2014-02-21	13:17	-	
phs000639	2015-10-20	07:53	-	
phs000640	2021-01-13	06:35	-	
phs000641	2013-12-04	14:30	-	
phs000644	2013-09-11	08:53	-	
phs000645	2019-04-11	15:41	-	
phs000646	2013-09-11	08:53	-	
phs000647	2013-12-20	11:54	-	
phs000648	2015-06-22	15:20	-	
phs000649	2021-05-10	07:05	-	
phs000650	2013-11-01	15:01	-	
phs000652	2013-12-17	14:13	-	
phs000653	2018-09-19	10:31	-	
phs000655	2017-01-19	14:18	-	
phs000656	2013-09-27	08:05	-	
phs000657	2013-11-21	08:22	-	
phs000658	2014-01-30	14:48	-	
phs000659	2013-11-01	15:37	-	
phs000660	2014-06-06	13:01	-	
phs000661	2013-12-18	14:16	-	
phs000662	2013-12-20	11:12	-	
phs000663	2021-10-03	09:29	-	
phs000664	2013-11-15	13:08	-	
phs000666	2014-02-05	15:22	-	
phs000669	2016-10-21	10:58	-	
phs000670	2014-01-24	10:08	-	
phs000671	2013-11-14	15:17	-	
phs000672	2015-09-14	13:11	-	
phs000673	2020-04-28	08:14	-	
phs000674	2014-01-27	11:08	-	
phs000676	2018-02-28	10:56	-	
phs000677	2013-12-20	10:46	-	
phs000678	2015-02-26	09:44	-	
phs000679	2014-04-09	11:39	-	
phs000681	2020-02-27	09:29	-	
phs000682	2014-04-11	12:44	-	
phs000684	2014-05-09	00:17	-	
phs000687	2015-03-26	15:13	-	
phs000689	2014-11-18	11:58	-	
phs000690	2014-01-30	14:10	-	
phs000691	2015-02-13	13:23	-	
phs000692	2014-02-27	15:54	-	
phs000693	2021-05-03	05:49	-	
phs000694	2017-09-13	14:51	-	
phs000695	2018-04-10	15:24	-	
phs000697	2018-04-20	09:23	-	
phs000698	2018-04-02	09:52	-	
phs000699	2015-01-07	15:36	-	
phs000700	2019-11-27	07:54	-	
phs000701	2016-07-28	14:17	-	
phs000703	2014-07-30	14:39	-	
phs000706	2014-06-19	10:56	-	
phs000707	2017-04-20	12:58	-	
phs000708	2015-10-02	13:02	-	
phs000709	2014-05-09	12:03	-	
phs000710	2015-01-09	13:34	-	
phs000711	2021-04-13	12:32	-	
phs000712	2015-11-03	10:59	-	
phs000713	2014-10-21	12:34	-	
phs000714	2014-07-22	16:10	-	
phs000715	2014-06-25	15:24	-	
phs000716	2014-06-10	09:56	-	
phs000717	2014-10-17	13:20	-	
phs000718	2015-06-23	10:58	-	
phs000719	2014-08-19	13:11	-	
phs000720	2021-07-02	06:07	-	
phs000722	2017-05-05	11:46	-	
phs000723	2020-07-14	08:11	-	
phs000725	2020-07-23	06:47	-	
phs000726	2015-03-17	13:01	-	
phs000727	2014-11-05	12:58	-	
phs000728	2018-02-06	09:57	-	
phs000729	2014-06-24	16:36	-	
phs000730	2015-11-17	15:33	-	
phs000732	2014-04-24	10:37	-	
phs000733	2015-03-10	13:07	-	
phs000734	2014-06-10	10:57	-	
phs000735	2014-05-23	14:23	-	
phs000737	2015-02-05	11:43	-	
phs000738	2014-05-12	10:45	-	
phs000739	2014-05-05	12:09	-	
phs000740	2019-07-10	08:39	-	
phs000741	2016-11-29	12:05	-	
phs000742	2018-07-24	14:56	-	
phs000743	2016-07-08	15:42	-	
phs000744	2016-08-09	11:12	-	
phs000745	2014-08-15	11:56	-	
phs000747	2017-11-30	15:57	-	
phs000748	2019-03-20	15:37	-	
phs000750	2014-09-05	11:32	-	
phs000751	2014-12-17	11:40	-	
phs000753	2014-09-30	12:17	-	
phs000755	2019-01-08	13:57	-	
phs000756	2019-03-04	21:31	-	
phs000757	2015-04-01	12:56	-	
phs000758	2014-10-07	10:49	-	
phs000759	2014-10-08	15:40	-	
phs000760	2015-02-20	12:36	-	
phs000761	2015-03-27	14:17	-	
phs000763	2015-01-26	14:09	-	
phs000766	2015-03-31	08:37	-	
phs000767	2014-07-11	12:11	-	
phs000768	2017-06-29	12:46	-	
phs000769	2015-11-24	08:42	-	
phs000770	2016-09-02	13:09	-	
phs000771	2019-02-28	12:54	-	
phs000772	2014-10-17	13:12	-	
phs000774	2018-02-16	15:14	-	
phs000775	2014-07-25	13:12	-	
phs000776	2014-10-27	15:42	-	
phs000777	2014-09-05	11:19	-	
phs000778	2014-11-05	12:30	-	
phs000779	2014-10-17	13:14	-	
phs000781	2017-06-12	14:07	-	
phs000782	2017-10-06	10:25	-	
phs000783	2018-04-19	08:04	-	
phs000784	2019-11-27	10:07	-	
phs000785	2019-12-26	08:53	-	
phs000787	2015-05-11	13:17	-	
phs000788	2018-05-16	07:54	-	
phs000789	2015-10-30	09:07	-	
phs000790	2015-01-29	14:07	-	
phs000791	2020-01-21	08:14	-	
phs000792	2014-11-25	09:04	-	
phs000793	2014-09-12	16:27	-	
phs000794	2015-04-16	09:13	-	
phs000795	2017-04-11	11:31	-	
phs000796	2016-05-19	14:31	-	
phs000797	2014-10-24	11:23	-	
phs000798	2014-11-26	11:05	-	
phs000799	2015-06-12	08:43	-	
phs000801	2016-09-27	11:33	-	
phs000803	2017-09-21	13:53	-	
phs000804	2016-12-13	17:46	-	
phs000806	2016-03-24	13:45	-	
phs000807	2015-02-03	12:18	-	
phs000808	2019-11-20	07:59	-	
phs000809	2014-11-25	14:45	-	
phs000810	2015-12-08	08:33	-	
phs000811	2015-01-09	15:46	-	
phs000812	2015-06-23	10:58	-	
phs000813	2015-10-26	08:20	-	
phs000814	2016-01-21	14:25	-	
phs000815	2020-02-25	13:51	-	
phs000816	2017-04-20	12:42	-	
phs000817	2015-02-10	16:19	-	
phs000819	2018-02-09	14:53	-	
phs000820	2015-11-17	15:33	-	
phs000821	2014-11-12	14:02	-	
phs000822	2016-03-31	12:54	-	
phs000823	2016-06-21	14:19	-	
phs000824	2016-01-20	11:23	-	
phs000825	2014-11-20	13:13	-	
phs000826	2015-05-12	13:12	-	
phs000827	2016-11-22	10:45	-	
phs000828	2019-11-13	11:44	-	
phs000830	2015-09-16	15:05	-	
phs000831	2015-08-21	11:41	-	
phs000832	2015-04-06	11:57	-	
phs000833	2017-11-28	08:29	-	
phs000837	2015-09-01	14:59	-	
phs000838	2015-07-13	07:44	-	
phs000839	2016-07-19	15:38	-	
phs000840	2016-08-10	14:18	-	
phs000841	2015-02-13	13:34	-	
phs000842	2019-03-29	10:01	-	
phs000846	2015-03-26	12:01	-	
phs000847	2016-12-14	09:06	-	
phs000848	2014-12-16	14:58	-	
phs000851	2015-06-12	08:45	-	
phs000852	2017-08-01	16:44	-	
phs000853	2015-02-06	13:38	-	
phs000855	2015-04-07	12:29	-	
phs000856	2015-02-05	13:09	-	
phs000857	2015-04-29	12:40	-	
phs000858	2017-08-08	08:37	-	
phs000862	2018-06-01	11:45	-	
phs000863	2015-06-24	15:02	-	
phs000864	2015-07-15	15:26	-	
phs000866	2016-10-19	12:45	-	
phs000867	2015-04-24	18:51	-	
phs000868	2015-06-05	12:55	-	
phs000869	2015-06-19	13:13	-	
phs000870	2015-10-20	07:52	-	
phs000871	2017-05-09	13:59	-	
phs000872	2015-03-26	11:34	-	
phs000873	2015-04-15	12:59	-	
phs000874	2015-05-22	14:36	-	
phs000876	2020-04-10	07:28	-	
phs000879	2015-11-04	12:54	-	
phs000881	2015-06-11	10:43	-	
phs000882	2017-01-24	12:49	-	
phs000883	2016-01-29	17:04	-	
phs000884	2015-09-21	12:46	-	
phs000885	2015-09-17	11:05	-	
phs000886	2016-06-08	15:15	-	
phs000888	2016-08-11	14:30	-	
phs000892	2017-02-14	14:35	-	
phs000893	2016-10-27	12:01	-	
phs000894	2015-05-18	10:25	-	
phs000895	2016-06-10	15:08	-	
phs000896	2017-01-11	14:06	-	
phs000897	2019-10-18	08:24	-	
phs000898	2015-07-30	10:38	-	
phs000899	2019-05-01	12:49	-	
phs000900	2015-05-01	15:23	-	
phs000901	2015-07-01	13:42	-	
phs000902	2016-01-21	14:26	-	
phs000903	2015-10-27	10:08	-	
phs000904	2018-02-02	16:56	-	
phs000906	2017-12-07	09:04	-	
phs000907	2016-12-22	13:44	-	
phs000908	2016-01-26	08:02	-	
phs000909	2016-02-19	13:54	-	
phs000910	2015-08-25	07:29	-	
phs000911	2016-06-09	13:16	-	
phs000912	2015-06-12	08:42	-	
phs000913	2015-08-10	14:58	-	
phs000914	2016-06-06	15:39	-	
phs000915	2019-02-11	14:34	-	
phs000916	2016-07-28	14:19	-	
phs000917	2016-01-26	13:18	-	
phs000918	2015-06-16	07:38	-	
phs000920	2021-10-28	21:37	-	
phs000921	2020-01-06	14:17	-	
phs000922	2021-10-29	07:32	-	
phs000923	2016-10-03	09:30	-	
phs000924	2020-03-13	13:47	-	
phs000925	2017-03-29	14:55	-	
phs000926	2015-08-07	10:32	-	
phs000927	2017-06-12	12:01	-	
phs000928	2016-01-14	11:52	-	
phs000929	2019-11-13	12:00	-	
phs000930	2021-03-05	14:23	-	
phs000932	2016-06-15	14:16	-	
phs000933	2018-11-19	09:29	-	
phs000934	2016-03-11	10:36	-	
phs000935	2016-11-23	08:59	-	
phs000936	2016-02-01	15:25	-	
phs000937	2016-08-24	08:45	-	
phs000938	2015-07-21	11:09	-	
phs000939	2017-09-01	16:30	-	
phs000941	2015-09-18	14:04	-	
phs000942	2016-03-03	12:25	-	
phs000944	2016-03-07	15:06	-	
phs000946	2021-05-27	08:16	-	
phs000947	2015-10-07	07:57	-	
phs000948	2015-08-28	11:51	-	
phs000949	2016-02-09	14:46	-	
phs000950	2018-01-04	13:17	-	
phs000951	2021-10-13	06:33	-	
phs000952	2016-03-15	15:07	-	
phs000953	2015-11-30	14:33	-	
phs000954	2021-05-17	07:31	-	
phs000955	2016-06-29	14:37	-	
phs000956	2021-05-18	08:00	-	
phs000957	2015-11-16	14:43	-	
phs000958	2015-10-22	08:12	-	
phs000959	2021-03-30	06:09	-	
phs000960	2020-10-22	06:36	-	
phs000961	2016-06-07	13:10	-	
phs000962	2017-10-23	13:39	-	
phs000963	2016-05-16	15:29	-	
phs000964	2021-05-25	06:46	-	
phs000966	2021-09-02	06:39	-	
phs000967	2016-03-10	14:32	-	
phs000968	2020-09-11	07:40	-	
phs000969	2015-10-07	08:08	-	
phs000970	2015-12-11	17:14	-	
phs000971	2021-09-17	09:27	-	
phs000972	2021-06-01	23:18	-	
phs000973	2016-12-21	10:07	-	
phs000974	2019-12-04	13:10	-	
phs000975	2015-12-02	12:14	-	
phs000976	2021-01-11	06:27	-	
phs000977	2015-10-01	17:06	-	
phs000978	2017-10-02	13:50	-	
phs000979	2019-09-20	13:31	-	
phs000980	2015-11-19	12:27	-	
phs000982	2015-12-15	11:56	-	
phs000983	2016-01-21	14:26	-	
phs000984	2016-09-27	09:56	-	
phs000985	2016-07-26	15:08	-	
phs000986	2016-07-06	14:41	-	
phs000987	2017-04-07	11:32	-	
phs000988	2021-11-02	15:27	-	
phs000989	2021-02-05	06:13	-	
phs000990	2016-05-04	15:27	-	
phs000991	2016-10-26	15:32	-	
phs000993	2021-06-01	23:14	-	
phs000994	2016-01-15	12:59	-	
phs000996	2019-11-12	14:39	-	
phs000997	2021-05-26	22:13	-	
phs000998	2020-09-03	10:25	-	
phs000999	2020-06-17	15:09	-	
phs001000	2016-04-12	12:35	-	
phs001001	2018-03-06	15:13	-	
phs001002	2016-01-07	07:08	-	
phs001003	2021-03-25	06:15	-	
phs001005	2020-01-13	07:49	-	
phs001006	2018-09-12	09:52	-	
phs001007	2015-12-02	12:14	-	
phs001008	2016-03-14	15:11	-	
phs001009	2016-04-07	15:36	-	
phs001011	2020-10-19	14:49	-	
phs001012	2016-11-15	15:27	-	
phs001013	2018-01-17	06:37	-	
phs001014	2016-03-01	13:08	-	
phs001015	2016-10-04	11:27	-	
phs001016	2015-11-06	12:46	-	
phs001017	2021-07-19	08:12	-	
phs001018	2021-03-23	06:53	-	
phs001020	2020-02-07	07:51	-	
phs001021	2016-02-02	14:51	-	
phs001022	2017-08-18	13:25	-	
phs001023	2016-07-18	14:50	-	
phs001024	2021-05-26	08:52	-	
phs001025	2017-01-13	15:17	-	
phs001026	2016-10-20	11:34	-	
phs001027	2021-09-22	16:42	-	
phs001028	2021-04-09	06:33	-	
phs001030	2017-06-02	14:33	-	
phs001032	2021-06-02	17:29	-	
phs001033	2016-12-28	08:47	-	
phs001034	2016-01-14	11:52	-	
phs001036	2017-03-01	14:30	-	
phs001037	2016-11-17	17:01	-	
phs001038	2016-03-02	14:57	-	
phs001039	2016-10-26	14:02	-	
phs001040	2021-06-01	23:07	-	
phs001041	2016-06-10	15:08	-	
phs001043	2017-03-01	11:48	-	
phs001044	2016-09-19	16:32	-	
phs001045	2019-11-21	07:45	-	
phs001046	2018-06-06	17:04	-	
phs001048	2019-05-06	11:09	-	
phs001049	2018-12-18	13:08	-	
phs001050	2016-01-26	13:19	-	
phs001052	2021-01-21	09:10	-	
phs001053	2018-02-20	15:32	-	
phs001054	2016-04-06	11:56	-	
phs001055	2017-08-25	17:26	-	
phs001057	2016-04-22	14:25	-	
phs001058	2016-02-19	13:54	-	
phs001059	2016-02-11	09:46	-	
phs001062	2021-05-27	23:19	-	
phs001063	2016-05-12	11:54	-	
phs001064	2018-03-12	14:07	-	
phs001065	2016-06-06	17:15	-	
phs001066	2016-05-19	14:36	-	
phs001067	2016-02-17	14:08	-	
phs001071	2017-09-28	15:23	-	
phs001072	2016-10-11	16:02	-	
phs001073	2021-01-12	15:31	-	
phs001074	2016-08-22	23:19	-	
phs001075	2018-05-04	12:01	-	
phs001076	2017-05-05	11:46	-	
phs001078	2018-11-27	12:32	-	
phs001079	2017-09-01	16:21	-	
phs001080	2016-05-11	18:02	-	
phs001081	2020-07-16	10:49	-	
phs001082	2017-02-14	14:35	-	
phs001083	2019-11-21	07:56	-	
phs001084	2018-02-20	15:34	-	
phs001085	2020-06-29	05:14	-	
phs001087	2020-11-06	06:27	-	
phs001088	2017-11-16	08:57	-	
phs001089	2021-09-26	16:57	-	
phs001090	2019-05-28	14:10	-	
phs001091	2018-02-07	14:32	-	
phs001093	2016-07-08	16:10	-	
phs001095	2016-07-07	12:36	-	
phs001096	2016-07-07	12:42	-	
phs001097	2016-07-08	15:36	-	
phs001101	2016-08-10	14:05	-	
phs001105	2017-09-12	12:44	-	
phs001106	2018-10-17	08:55	-	
phs001107	2016-06-09	10:06	-	
phs001108	2018-04-16	15:16	-	
phs001109	2020-04-08	22:20	-	
phs001110	2020-09-16	09:55	-	
phs001111	2016-09-22	11:47	-	
phs001112	2016-07-01	13:52	-	
phs001115	2016-06-27	15:50	-	
phs001120	2021-04-14	07:43	-	
phs001121	2017-03-21	14:48	-	
phs001122	2021-03-25	05:55	-	
phs001123	2020-04-07	08:03	-	
phs001124	2019-09-17	11:19	-	
phs001127	2016-09-15	14:20	-	
phs001130	2018-09-28	12:27	-	
phs001133	2020-09-24	12:53	-	
phs001134	2021-08-03	08:09	-	
phs001135	2020-09-14	06:22	-	
phs001138	2021-10-28	17:36	-	
phs001139	2017-02-27	13:17	-	
phs001140	2021-02-17	07:58	-	
phs001141	2017-02-21	15:33	-	
phs001143	2021-06-07	17:09	-	
phs001146	2019-01-07	11:17	-	
phs001151	2016-08-15	09:45	-	
phs001152	2020-03-02	08:39	-	
phs001153	2017-09-26	12:08	-	
phs001154	2018-09-25	09:29	-	
phs001156	2018-05-08	15:02	-	
phs001157	2017-06-14	14:01	-	
phs001158	2019-02-20	11:52	-	
phs001159	2017-12-14	13:54	-	
phs001163	2021-06-17	05:18	-	
phs001164	2020-06-04	11:34	-	
phs001165	2018-05-25	12:31	-	
phs001166	2016-07-15	10:02	-	
phs001167	2016-07-15	10:06	-	
phs001168	2019-04-03	15:06	-	
phs001169	2020-08-24	07:34	-	
phs001172	2016-12-23	08:01	-	
phs001173	2017-09-27	15:29	-	
phs001174	2017-04-20	13:00	-	
phs001175	2019-01-29	11:24	-	
phs001176	2019-11-06	13:19	-	
phs001177	2020-03-09	08:04	-	
phs001178	2019-03-15	14:22	-	
phs001179	2017-10-30	11:17	-	
phs001180	2020-06-30	15:44	-	
phs001181	2017-03-24	13:08	-	
phs001182	2020-11-25	06:18	-	
phs001185	2016-11-03	14:12	-	
phs001187	2017-02-16	16:46	-	
phs001188	2019-12-27	13:04	-	
phs001189	2021-06-08	20:35	-	
phs001191	2017-10-03	12:41	-	
phs001192	2017-04-11	11:36	-	
phs001193	2018-12-21	12:40	-	
phs001194	2021-08-30	21:10	-	
phs001195	2018-03-29	11:22	-	
phs001196	2019-11-15	07:44	-	
phs001197	2018-05-01	15:42	-	
phs001198	2018-06-04	09:00	-	
phs001199	2017-07-03	16:22	-	
phs001200	2017-02-23	10:37	-	
phs001201	2019-09-11	07:50	-	
phs001202	2017-08-23	11:48	-	
phs001203	2016-12-14	14:35	-	
phs001205	2016-10-27	12:00	-	
phs001206	2018-03-01	14:14	-	
phs001207	2021-07-22	14:57	-	
phs001208	2019-09-04	06:41	-	
phs001209	2017-10-20	13:27	-	
phs001210	2017-04-07	11:39	-	
phs001211	2021-09-30	09:09	-	
phs001212	2017-12-11	14:38	-	
phs001213	2020-04-16	08:02	-	
phs001214	2016-10-31	13:27	-	
phs001215	2021-06-16	22:44	-	
phs001216	2017-05-08	08:02	-	
phs001217	2021-06-14	11:16	-	
phs001218	2021-06-16	22:54	-	
phs001219	2018-05-10	16:47	-	
phs001221	2020-03-12	08:19	-	
phs001222	2020-06-25	12:23	-	
phs001223	2016-10-31	13:31	-	
phs001224	2016-11-23	08:28	-	
phs001226	2017-03-28	13:59	-	
phs001227	2020-02-24	06:10	-	
phs001228	2018-06-19	10:28	-	
phs001229	2017-07-24	09:35	-	
phs001230	2020-02-13	08:58	-	
phs001231	2018-05-11	12:28	-	
phs001232	2021-09-26	16:53	-	
phs001233	2016-11-30	11:34	-	
phs001234	2018-10-16	09:51	-	
phs001235	2019-03-21	13:10	-	
phs001237	2019-11-20	12:04	-	
phs001238	2018-08-08	09:34	-	
phs001241	2017-12-04	11:19	-	
phs001242	2017-01-19	14:20	-	
phs001243	2016-12-15	12:37	-	
phs001244	2017-02-21	15:09	-	
phs001245	2018-02-05	10:29	-	
phs001246	2017-01-27	13:49	-	
phs001247	2018-08-24	10:54	-	
phs001248	2017-03-10	14:47	-	
phs001249	2017-04-03	15:32	-	
phs001250	2017-06-27	12:10	-	
phs001251	2017-02-02	14:06	-	
phs001252	2017-07-25	21:09	-	
phs001253	2017-03-01	11:53	-	
phs001255	2017-06-09	10:58	-	
phs001256	2017-05-16	11:07	-	
phs001257	2017-04-12	13:51	-	
phs001258	2020-09-11	10:07	-	
phs001259	2019-07-02	10:53	-	
phs001260	2017-03-13	12:47	-	
phs001261	2017-09-13	15:08	-	
phs001263	2017-03-10	08:22	-	
phs001264	2021-03-15	14:38	-	
phs001265	2017-06-12	11:21	-	
phs001266	2020-09-14	07:18	-	
phs001270	2017-10-06	10:24	-	
phs001271	2017-02-28	11:32	-	
phs001272	2018-11-20	09:20	-	
phs001273	2019-11-13	11:39	-	
phs001275	2017-06-20	14:59	-	
phs001276	2017-03-13	12:01	-	
phs001277	2017-11-01	14:15	-	
phs001278	2017-06-26	13:59	-	
phs001279	2018-02-09	13:15	-	
phs001281	2019-08-15	08:18	-	
phs001282	2020-04-20	08:12	-	
phs001284	2019-08-09	07:54	-	
phs001286	2019-04-01	09:01	-	
phs001287	2021-08-04	08:37	-	
phs001288	2017-11-13	13:42	-	
phs001289	2018-05-02	14:49	-	
phs001290	2020-10-07	08:03	-	
phs001291	2018-04-27	09:40	-	
phs001292	2019-07-17	12:25	-	
phs001293	2021-06-23	23:25	-	
phs001295	2019-05-03	10:53	-	
phs001296	2019-08-19	08:13	-	
phs001297	2017-06-16	15:09	-	
phs001298	2019-02-01	16:00	-	
phs001299	2020-09-14	06:47	-	
phs001300	2018-03-22	10:51	-	
phs001303	2017-10-26	13:29	-	
phs001304	2018-10-12	13:45	-	
phs001305	2018-01-19	13:04	-	
phs001306	2018-07-16	09:00	-	
phs001307	2021-04-12	21:08	-	
phs001309	2018-05-22	16:26	-	
phs001310	2017-10-23	13:56	-	
phs001311	2018-05-22	16:25	-	
phs001312	2020-02-25	02:35	-	
phs001313	2018-05-30	11:23	-	
phs001314	2018-07-03	13:50	-	
phs001315	2018-05-23	16:32	-	
phs001316	2018-06-25	11:03	-	
phs001317	2018-06-15	10:38	-	
phs001318	2018-06-25	11:54	-	
phs001319	2017-03-31	16:05	-	
phs001320	2017-05-24	14:40	-	
phs001321	2017-09-11	13:52	-	
phs001322	2020-03-10	08:09	-	
phs001323	2020-10-06	11:13	-	
phs001325	2020-05-20	14:50	-	
phs001326	2018-06-27	10:45	-	
phs001327	2021-06-04	06:44	-	
phs001328	2017-06-02	14:32	-	
phs001329	2019-05-15	09:09	-	
phs001330	2020-02-18	10:44	-	
phs001331	2019-09-16	14:56	-	
phs001332	2019-12-06	08:59	-	
phs001333	2019-09-27	13:09	-	
phs001336	2017-05-23	11:43	-	
phs001337	2019-12-09	08:11	-	
phs001338	2017-07-03	14:49	-	
phs001339	2020-06-04	11:11	-	
phs001340	2020-10-19	10:34	-	
phs001341	2018-05-07	08:00	-	
phs001342	2018-09-06	12:49	-	
phs001343	2017-05-11	13:25	-	
phs001344	2018-05-15	11:58	-	
phs001345	2021-06-23	23:23	-	
phs001346	2019-04-01	08:51	-	
phs001347	2018-02-05	09:31	-	
phs001348	2017-12-13	16:47	-	
phs001349	2021-04-13	13:27	-	
phs001351	2019-10-10	07:38	-	
phs001352	2017-10-27	14:38	-	
phs001357	2017-10-13	10:44	-	
phs001358	2021-06-10	07:06	-	
phs001359	2021-06-23	23:20	-	
phs001360	2020-05-18	08:05	-	
phs001361	2018-12-13	14:18	-	
phs001362	2017-06-09	11:01	-	
phs001363	2017-08-31	09:53	-	
phs001364	2018-03-01	12:39	-	
phs001365	2018-05-01	11:06	-	
phs001366	2018-01-08	17:06	-	
phs001367	2018-09-12	09:00	-	
phs001368	2021-07-21	06:27	-	
phs001370	2019-07-30	07:46	-	
phs001371	2017-06-27	15:22	-	
phs001372	2018-10-18	10:58	-	
phs001373	2019-11-15	07:58	-	
phs001374	2021-03-12	12:55	-	
phs001375	2021-04-02	06:36	-	
phs001376	2017-06-30	13:06	-	
phs001377	2017-10-02	13:49	-	
phs001378	2019-05-06	12:25	-	
phs001380	2020-02-27	09:22	-	
phs001381	2018-06-26	11:03	-	
phs001382	2017-10-13	09:26	-	
phs001383	2021-04-01	06:55	-	
phs001384	2017-09-20	15:01	-	
phs001385	2017-12-28	11:02	-	
phs001386	2020-02-13	07:50	-	
phs001387	2021-07-01	07:13	-	
phs001388	2021-04-12	07:16	-	
phs001389	2018-03-05	13:02	-	
phs001391	2018-03-21	15:49	-	
phs001392	2017-10-23	13:55	-	
phs001394	2018-01-03	14:14	-	
phs001395	2021-06-21	12:03	-	
phs001396	2018-05-16	07:54	-	
phs001397	2018-01-03	14:13	-	
phs001398	2018-08-09	10:57	-	
phs001399	2018-05-31	16:56	-	
phs001400	2017-11-13	13:09	-	
phs001402	2021-06-25	17:52	-	
phs001403	2017-11-30	15:56	-	
phs001404	2021-05-07	09:57	-	
phs001405	2018-03-08	11:30	-	
phs001406	2019-10-29	15:27	-	
phs001407	2017-09-18	13:57	-	
phs001409	2019-05-08	11:17	-	
phs001410	2018-10-12	14:01	-	
phs001411	2018-04-16	11:25	-	
phs001412	2021-07-05	09:26	-	
phs001415	2019-03-28	09:23	-	
phs001416	2019-10-15	18:07	-	
phs001417	2018-03-27	14:22	-	
phs001418	2018-12-12	10:32	-	
phs001419	2017-12-11	14:49	-	
phs001420	2019-06-14	07:19	-	
phs001421	2018-01-25	13:04	-	
phs001422	2021-02-16	07:31	-	
phs001423	2021-05-20	08:54	-	
phs001424	2017-10-13	10:51	-	
phs001425	2017-08-24	13:16	-	
phs001426	2018-02-27	13:28	-	
phs001427	2021-03-02	21:00	-	
phs001428	2019-08-13	07:17	-	
phs001430	2020-02-26	11:36	-	
phs001432	2019-05-24	10:55	-	
phs001433	2019-11-27	07:49	-	
phs001434	2021-07-18	21:37	-	
phs001435	2021-06-29	22:11	-	
phs001436	2019-09-25	08:37	-	
phs001437	2019-09-25	08:42	-	
phs001438	2017-12-22	11:32	-	
phs001439	2019-01-22	08:48	-	
phs001441	2017-12-15	10:58	-	
phs001442	2021-09-30	08:36	-	
phs001444	2019-11-06	20:24	-	
phs001446	2021-07-01	07:16	-	
phs001447	2018-03-14	12:55	-	
phs001448	2017-10-27	14:39	-	
phs001451	2021-04-21	08:00	-	
phs001454	2017-10-10	11:02	-	
phs001455	2019-12-09	15:02	-	
phs001457	2018-07-30	10:17	-	
phs001458	2018-04-20	14:32	-	
phs001459	2020-10-22	06:17	-	
phs001460	2019-12-10	09:07	-	
phs001461	2020-02-24	06:00	-	
phs001463	2018-04-02	15:25	-	
phs001464	2017-10-06	12:35	-	
phs001465	2019-11-01	15:58	-	
phs001466	2021-08-19	15:25	-	
phs001467	2021-08-30	13:39	-	
phs001468	2021-10-03	09:58	-	
phs001469	2018-03-01	14:47	-	
phs001470	2019-12-10	15:00	-	
phs001471	2020-08-03	15:37	-	
phs001472	2021-07-30	06:33	-	
phs001473	2021-02-02	06:13	-	
phs001474	2021-05-18	06:20	-	
phs001475	2018-11-13	14:25	-	
phs001479	2018-06-14	09:14	-	
phs001480	2021-01-21	10:25	-	
phs001481	2018-09-05	12:49	-	
phs001482	2017-12-01	14:45	-	
phs001483	2019-04-30	09:34	-	
phs001484	2018-05-18	16:08	-	
phs001485	2021-04-15	11:28	-	
phs001486	2021-10-07	06:45	-	
phs001487	2018-08-15	09:42	-	
phs001488	2018-03-26	17:10	-	
phs001489	2021-03-26	06:39	-	
phs001490	2018-07-09	14:37	-	
phs001491	2020-10-13	11:26	-	
phs001492	2018-03-15	10:19	-	
phs001493	2020-08-26	07:19	-	
phs001494	2018-03-19	11:47	-	
phs001495	2019-03-06	15:31	-	
phs001496	2018-12-07	15:30	-	
phs001497	2021-09-22	07:38	-	
phs001498	2018-03-29	11:22	-	
phs001499	2019-10-25	14:37	-	
phs001500	2021-05-27	08:05	-	
phs001501	2021-02-01	07:12	-	
phs001502	2019-09-12	08:02	-	
phs001503	2018-05-14	11:12	-	
phs001504	2021-04-09	06:20	-	
phs001505	2018-09-12	09:11	-	
phs001507	2021-04-15	07:00	-	
phs001508	2020-02-19	11:38	-	
phs001511	2019-11-13	11:29	-	
phs001512	2018-04-05	14:37	-	
phs001513	2018-08-01	14:35	-	
phs001514	2021-07-06	16:13	-	
phs001515	2021-09-30	08:54	-	
phs001516	2018-04-02	08:34	-	
phs001517	2020-05-11	08:08	-	
phs001518	2019-11-15	08:02	-	
phs001519	2018-12-12	13:46	-	
phs001521	2018-12-11	12:28	-	
phs001522	2018-04-19	14:16	-	
phs001523	2019-05-02	08:37	-	
phs001524	2019-10-21	08:57	-	
phs001525	2018-03-13	08:56	-	
phs001526	2019-05-03	11:03	-	
phs001527	2018-02-21	11:57	-	
phs001528	2018-03-05	15:37	-	
phs001529	2018-04-17	08:42	-	
phs001531	2018-10-11	13:18	-	
phs001532	2020-08-31	13:52	-	
phs001534	2019-10-17	12:26	-	
phs001535	2018-08-22	09:19	-	
phs001538	2018-06-26	11:27	-	
phs001539	2018-09-04	10:31	-	
phs001541	2020-03-27	11:19	-	
phs001542	2021-10-15	08:31	-	
phs001543	2021-07-22	15:08	-	
phs001544	2021-07-24	15:37	-	
phs001545	2021-07-22	15:00	-	
phs001546	2021-07-22	15:02	-	
phs001547	2021-07-22	15:05	-	
phs001549	2018-08-31	12:08	-	
phs001550	2019-01-08	15:29	-	
phs001551	2018-09-11	11:54	-	
phs001552	2018-09-24	12:21	-	
phs001553	2018-04-10	13:01	-	
phs001554	2018-08-06	11:16	-	
phs001555	2018-05-08	14:32	-	
phs001556	2018-07-19	13:30	-	
phs001557	2018-05-17	10:28	-	
phs001559	2018-08-22	11:50	-	
phs001561	2021-04-13	07:39	-	
phs001563	2018-10-22	14:01	-	
phs001564	2020-02-28	13:12	-	
phs001565	2018-07-09	14:15	-	
phs001566	2018-07-24	16:05	-	
phs001568	2019-08-12	08:12	-	
phs001570	2020-10-30	08:03	-	
phs001571	2020-08-18	14:00	-	
phs001572	2018-10-09	14:55	-	
phs001573	2020-07-14	08:25	-	
phs001575	2020-02-18	10:55	-	
phs001576	2019-10-01	10:12	-	
phs001577	2018-09-12	09:04	-	
phs001578	2018-12-04	12:51	-	
phs001580	2020-01-15	08:17	-	
phs001581	2018-11-06	13:33	-	
phs001584	2020-12-03	13:01	-	
phs001585	2020-11-19	07:33	-	
phs001586	2019-07-19	08:40	-	
phs001587	2018-06-29	08:12	-	
phs001588	2018-07-23	15:23	-	
phs001589	2019-03-08	10:25	-	
phs001590	2021-05-05	06:42	-	
phs001591	2021-08-09	06:50	-	
phs001592	2019-04-08	11:48	-	
phs001594	2019-03-18	14:21	-	
phs001595	2018-07-12	11:52	-	
phs001596	2019-05-22	10:58	-	
phs001597	2019-10-08	14:41	-	
phs001598	2021-07-02	07:33	-	
phs001599	2021-08-10	15:14	-	
phs001600	2021-08-19	17:17	-	
phs001601	2021-08-30	21:17	-	
phs001602	2021-08-10	15:04	-	
phs001603	2021-08-10	15:25	-	
phs001604	2021-08-16	12:40	-	
phs001605	2021-08-10	14:58	-	
phs001606	2021-08-10	15:01	-	
phs001607	2021-09-01	08:50	-	
phs001608	2021-10-13	08:06	-	
phs001609	2019-01-11	09:41	-	
phs001611	2019-06-21	08:15	-	
phs001612	2019-12-06	01:09	-	
phs001615	2018-09-27	12:38	-	
phs001616	2020-11-13	14:18	-	
phs001617	2021-06-29	22:13	-	
phs001618	2018-08-02	15:04	-	
phs001619	2021-09-29	07:36	-	
phs001620	2020-07-17	08:44	-	
phs001621	2018-12-20	14:54	-	
phs001623	2021-03-23	07:02	-	
phs001624	2021-09-09	08:10	-	
phs001625	2019-03-27	23:03	-	
phs001626	2020-04-21	06:53	-	
phs001627	2018-07-23	14:31	-	
phs001628	2019-03-29	10:52	-	
phs001629	2018-11-08	15:34	-	
phs001630	2020-07-08	11:42	-	
phs001632	2019-09-06	08:25	-	
phs001641	2020-04-06	17:15	-	
phs001642	2020-07-23	07:17	-	
phs001643	2018-09-25	14:33	-	
phs001644	2021-08-25	06:02	-	
phs001645	2019-02-19	11:54	-	
phs001646	2018-10-26	16:16	-	
phs001647	2018-09-26	14:46	-	
phs001648	2020-07-28	07:46	-	
phs001649	2019-02-27	11:21	-	
phs001650	2020-04-29	07:01	-	
phs001651	2018-09-19	10:42	-	
phs001653	2019-04-15	11:36	-	
phs001654	2018-11-28	10:47	-	
phs001655	2019-01-30	09:48	-	
phs001657	2019-08-26	07:53	-	
phs001658	2018-12-04	10:52	-	
phs001659	2019-01-23	11:43	-	
phs001660	2019-02-22	11:45	-	
phs001661	2021-08-30	21:07	-	
phs001662	2021-09-30	08:32	-	
phs001663	2020-03-02	08:29	-	
phs001664	2018-10-10	15:52	-	
phs001666	2019-04-25	07:47	-	
phs001670	2019-04-11	15:53	-	
phs001672	2021-09-08	11:11	-	
phs001673	2019-05-13	09:39	-	
phs001674	2018-11-05	10:49	-	
phs001675	2021-04-19	07:36	-	
phs001676	2020-04-29	07:06	-	
phs001677	2019-02-21	09:13	-	
phs001678	2018-11-23	14:34	-	
phs001680	2019-07-19	11:11	-	
phs001682	2021-09-08	06:43	-	
phs001683	2020-07-17	09:25	-	
phs001684	2018-10-18	10:23	-	
phs001685	2019-04-30	08:18	-	
phs001686	2019-03-14	14:42	-	
phs001687	2019-08-29	07:10	-	
phs001688	2019-06-19	07:41	-	
phs001690	2018-11-06	13:43	-	
phs001691	2019-11-06	14:46	-	
phs001692	2018-10-29	13:22	-	
phs001693	2018-10-29	13:29	-	
phs001694	2018-10-29	13:45	-	
phs001695	2018-10-29	13:53	-	
phs001696	2018-11-27	12:01	-	
phs001697	2021-03-31	06:54	-	
phs001698	2020-02-24	06:48	-	
phs001699	2019-03-29	09:56	-	
phs001700	2020-12-01	05:58	-	
phs001701	2019-09-24	07:24	-	
phs001702	2018-10-25	15:35	-	
phs001703	2020-06-01	08:32	-	
phs001704	2018-12-18	13:10	-	
phs001705	2019-08-15	07:59	-	
phs001706	2019-03-26	15:29	-	
phs001707	2020-02-04	08:15	-	
phs001709	2019-10-04	08:05	-	
phs001710	2021-10-07	06:16	-	
phs001711	2021-05-12	06:57	-	
phs001712	2019-02-11	11:42	-	
phs001713	2019-12-26	08:22	-	
phs001714	2020-08-12	11:48	-	
phs001715	2019-03-26	15:34	-	
phs001717	2019-04-30	15:49	-	
phs001718	2019-09-19	15:33	-	
phs001719	2019-05-10	12:32	-	
phs001720	2019-03-04	08:35	-	
phs001721	2020-03-06	09:53	-	
phs001722	2020-03-17	07:20	-	
phs001723	2020-03-06	09:33	-	
phs001724	2019-03-15	14:43	-	
phs001725	2021-08-23	09:37	-	
phs001726	2021-10-24	21:52	-	
phs001727	2021-09-02	21:31	-	
phs001728	2021-09-21	20:38	-	
phs001729	2021-09-02	21:35	-	
phs001730	2021-09-09	14:56	-	
phs001732	2021-09-02	21:43	-	
phs001733	2019-02-04	10:57	-	
phs001734	2019-04-02	14:59	-	
phs001735	2021-09-17	09:19	-	
phs001736	2019-09-27	08:35	-	
phs001737	2019-09-25	08:47	-	
phs001738	2020-06-18	08:16	-	
phs001739	2019-03-26	15:25	-	
phs001740	2019-08-02	08:18	-	
phs001741	2020-03-12	08:03	-	
phs001742	2019-11-15	07:52	-	
phs001743	2020-04-24	06:11	-	
phs001744	2021-01-27	00:20	-	
phs001745	2019-03-18	13:04	-	
phs001746	2019-05-06	10:47	-	
phs001747	2019-07-03	10:11	-	
phs001748	2021-02-05	15:02	-	
phs001749	2021-05-24	07:56	-	
phs001750	2019-01-14	15:25	-	
phs001752	2020-02-21	06:17	-	
phs001753	2019-10-09	11:20	-	
phs001754	2021-03-09	14:08	-	
phs001757	2019-04-12	08:39	-	
phs001758	2020-12-14	06:40	-	
phs001759	2019-03-25	17:25	-	
phs001761	2020-11-05	12:33	-	
phs001765	2019-02-27	09:44	-	
phs001766	2020-06-05	06:27	-	
phs001767	2019-03-20	15:33	-	
phs001768	2019-05-09	09:14	-	
phs001769	2019-03-05	09:40	-	
phs001770	2019-03-06	11:10	-	
phs001771	2021-03-17	07:39	-	
phs001772	2021-08-11	07:39	-	
phs001774	2020-03-09	07:51	-	
phs001775	2020-10-19	07:44	-	
phs001776	2019-07-12	10:26	-	
phs001777	2019-04-04	20:44	-	
phs001778	2020-07-21	08:10	-	
phs001779	2020-07-13	17:24	-	
phs001780	2019-03-18	15:41	-	
phs001781	2019-08-14	08:30	-	
phs001782	2021-10-04	07:40	-	
phs001783	2021-09-10	06:57	-	
phs001784	2019-07-12	09:32	-	
phs001785	2021-08-17	07:41	-	
phs001786	2020-11-03	06:17	-	
phs001787	2020-12-22	09:57	-	
phs001788	2019-04-16	09:35	-	
phs001790	2021-02-19	17:48	-	
phs001791	2019-03-21	12:20	-	
phs001792	2019-11-13	07:54	-	
phs001793	2020-08-06	08:28	-	
phs001794	2020-06-16	08:01	-	
phs001795	2019-06-28	11:48	-	
phs001796	2019-05-24	10:59	-	
phs001797	2019-11-21	07:52	-	
phs001798	2021-07-29	09:31	-	
phs001799	2019-10-17	07:46	-	
phs001800	2021-05-20	07:30	-	
phs001802	2019-05-23	07:35	-	
phs001803	2020-03-06	10:16	-	
phs001804	2019-06-28	11:16	-	
phs001805	2019-12-26	08:38	-	
phs001806	2021-08-18	16:24	-	
phs001807	2019-06-13	07:46	-	
phs001808	2019-11-12	11:33	-	
phs001809	2020-10-07	16:18	-	
phs001810	2019-08-01	08:01	-	
phs001811	2020-02-12	08:40	-	
phs001812	2021-03-03	06:45	-	
phs001813	2021-11-03	05:39	-	
phs001814	2019-11-29	14:44	-	
phs001815	2020-08-19	07:19	-	
phs001816	2021-03-09	06:43	-	
phs001817	2020-01-07	07:36	-	
phs001818	2021-03-11	12:53	-	
phs001819	2021-03-31	07:07	-	
phs001820	2020-11-30	05:57	-	
phs001823	2019-08-09	08:34	-	
phs001824	2019-06-28	08:03	-	
phs001825	2020-01-08	09:57	-	
phs001826	2019-10-09	08:07	-	
phs001828	2020-05-19	06:26	-	
phs001829	2020-07-06	07:45	-	
phs001830	2019-08-06	07:56	-	
phs001831	2020-12-09	06:38	-	
phs001833	2019-07-22	11:14	-	
phs001834	2021-07-02	05:56	-	
phs001835	2020-07-21	07:55	-	
phs001836	2019-07-17	09:24	-	
phs001837	2019-11-01	15:40	-	
phs001839	2019-09-27	08:18	-	
phs001840	2019-07-16	12:53	-	
phs001841	2020-08-10	08:40	-	
phs001842	2019-12-10	09:22	-	
phs001845	2021-06-18	07:25	-	
phs001846	2020-12-21	13:15	-	
phs001847	2019-10-17	08:12	-	
phs001848	2019-07-26	09:31	-	
phs001850	2019-07-23	10:15	-	
phs001851	2019-10-15	15:54	-	
phs001852	2019-08-28	07:49	-	
phs001853	2020-02-21	06:35	-	
phs001854	2019-12-03	08:02	-	
phs001855	2019-11-22	07:55	-	
phs001856	2020-08-10	11:42	-	
phs001857	2021-02-03	08:01	-	
phs001858	2020-02-25	14:01	-	
phs001860	2021-02-23	06:30	-	
phs001861	2020-03-11	15:12	-	
phs001862	2020-04-08	08:06	-	
phs001864	2019-10-08	05:02	-	
phs001865	2021-07-01	06:00	-	
phs001866	2020-10-19	08:21	-	
phs001867	2019-08-05	21:06	-	
phs001868	2020-07-09	13:23	-	
phs001869	2020-07-16	10:49	-	
phs001870	2020-09-10	07:58	-	
phs001871	2020-02-25	02:55	-	
phs001872	2019-10-25	14:28	-	
phs001875	2020-09-10	08:46	-	
phs001876	2019-11-25	07:42	-	
phs001877	2019-12-16	07:15	-	
phs001879	2019-12-11	07:44	-	
phs001880	2020-02-24	06:19	-	
phs001881	2021-07-22	07:27	-	
phs001882	2021-09-13	06:51	-	
phs001883	2020-07-08	09:02	-	
phs001884	2020-02-19	11:40	-	
phs001885	2020-01-27	08:23	-	
phs001886	2020-07-20	07:12	-	
phs001887	2019-10-30	14:28	-	
phs001889	2020-10-19	08:46	-	
phs001890	2020-05-07	07:56	-	
phs001892	2020-11-03	05:36	-	
phs001894	2020-04-07	08:19	-	
phs001895	2020-03-05	08:31	-	
phs001897	2020-03-25	05:22	-	
phs001898	2020-01-29	07:42	-	
phs001899	2020-12-17	15:08	-	
phs001900	2020-03-09	08:17	-	
phs001901	2020-03-05	07:41	-	
phs001902	2020-07-16	10:49	-	
phs001903	2020-09-16	09:17	-	
phs001906	2019-12-17	08:25	-	
phs001907	2019-12-27	08:24	-	
phs001908	2021-04-14	06:59	-	
phs001910	2019-11-25	07:55	-	
phs001911	2020-03-23	08:19	-	
phs001912	2020-10-19	09:16	-	
phs001913	2020-09-22	08:41	-	
phs001914	2021-06-16	06:56	-	
phs001916	2021-03-22	07:07	-	
phs001917	2020-01-08	07:45	-	
phs001918	2021-10-16	22:14	-	
phs001919	2020-03-13	07:34	-	
phs001921	2019-12-27	08:37	-	
phs001922	2021-07-09	12:37	-	
phs001924	2019-11-15	08:26	-	
phs001925	2020-11-04	06:16	-	
phs001927	2019-11-15	11:54	-	
phs001929	2021-09-22	16:21	-	
phs001930	2020-01-28	08:34	-	
phs001931	2020-02-14	07:57	-	
phs001932	2020-04-08	22:14	-	
phs001933	2019-11-20	13:19	-	
phs001934	2020-02-25	02:42	-	
phs001935	2021-03-03	07:06	-	
phs001936	2020-01-30	08:06	-	
phs001937	2020-01-30	08:12	-	
phs001938	2020-12-30	07:44	-	
phs001939	2021-09-02	05:58	-	
phs001940	2020-04-17	07:41	-	
phs001941	2020-04-24	05:57	-	
phs001942	2021-05-05	06:23	-	
phs001943	2020-05-01	11:57	-	
phs001945	2021-10-26	14:18	-	
phs001947	2020-04-21	07:00	-	
phs001949	2020-08-25	07:11	-	
phs001951	2020-10-06	06:13	-	
phs001953	2020-02-14	08:06	-	
phs001954	2020-05-19	06:19	-	
phs001955	2020-09-04	14:50	-	
phs001956	2020-01-31	08:20	-	
phs001957	2020-06-18	08:24	-	
phs001958	2020-10-13	05:59	-	
phs001959	2020-06-02	06:55	-	
phs001960	2021-01-08	07:12	-	
phs001961	2021-06-07	17:18	-	
phs001962	2021-01-28	07:57	-	
phs001963	2020-12-23	07:31	-	
phs001964	2020-03-19	13:03	-	
phs001969	2020-06-24	08:12	-	
phs001970	2020-06-12	07:42	-	
phs001972	2020-09-03	13:45	-	
phs001974	2021-09-10	12:11	-	
phs001975	2020-04-10	06:35	-	
phs001976	2021-01-29	06:11	-	
phs001979	2020-07-01	05:54	-	
phs001980	2021-02-11	08:27	-	
phs001981	2021-02-01	06:55	-	
phs001982	2021-04-23	06:16	-	
phs001984	2021-02-11	06:21	-	
phs001987	2020-04-10	06:40	-	
phs001988	2021-04-27	04:58	-	
phs001990	2020-07-17	08:40	-	
phs001991	2020-03-17	15:18	-	
phs001992	2020-08-11	06:47	-	
phs001993	2020-09-15	07:52	-	
phs001994	2020-07-09	05:36	-	
phs001995	2020-09-10	07:25	-	
phs001997	2020-05-22	08:06	-	
phs001998	2021-07-21	13:06	-	
phs002000	2020-08-19	07:12	-	
phs002001	2021-09-29	21:04	-	
phs002002	2021-07-07	07:10	-	
phs002003	2020-11-05	06:38	-	
phs002004	2020-04-16	11:46	-	
phs002006	2020-11-24	05:53	-	
phs002007	2020-08-03	07:46	-	
phs002008	2020-12-10	06:15	-	
phs002011	2020-04-21	16:40	-	
phs002012	2020-05-05	11:48	-	
phs002015	2020-12-01	06:26	-	
phs002017	2020-07-01	05:44	-	
phs002018	2020-04-24	14:38	-	
phs002019	2020-12-04	05:16	-	
phs002020	2020-08-26	07:26	-	
phs002021	2020-08-14	13:00	-	
phs002022	2020-08-18	06:51	-	
phs002023	2020-07-08	08:46	-	
phs002024	2020-06-05	06:04	-	
phs002025	2020-07-23	14:14	-	
phs002027	2020-09-22	07:17	-	
phs002030	2020-07-10	07:47	-	
phs002032	2020-09-09	07:33	-	
phs002033	2020-07-06	07:34	-	
phs002034	2021-07-01	06:07	-	
phs002035	2020-07-29	07:08	-	
phs002036	2020-07-02	06:22	-	
phs002037	2021-02-10	06:52	-	
phs002039	2021-02-10	06:12	-	
phs002040	2021-02-10	06:39	-	
phs002041	2020-11-18	07:22	-	
phs002042	2020-06-05	06:46	-	
phs002043	2020-06-05	06:59	-	
phs002044	2020-06-12	08:46	-	
phs002045	2020-08-10	08:26	-	
phs002046	2021-08-19	10:10	-	
phs002048	2021-06-08	07:29	-	
phs002049	2020-09-22	10:29	-	
phs002050	2021-01-15	07:14	-	
phs002051	2020-08-17	07:47	-	
phs002052	2020-08-11	06:42	-	
phs002053	2020-10-13	06:36	-	
phs002054	2020-08-19	07:03	-	
phs002055	2020-08-27	07:45	-	
phs002056	2021-08-23	09:41	-	
phs002057	2021-02-23	06:51	-	
phs002059	2021-05-04	20:26	-	
phs002060	2020-12-22	16:03	-	
phs002061	2021-04-22	07:10	-	
phs002062	2021-01-28	07:38	-	
phs002063	2021-03-24	05:12	-	
phs002065	2021-03-05	13:48	-	
phs002066	2020-08-19	06:57	-	
phs002067	2020-11-23	06:38	-	
phs002068	2021-03-17	08:00	-	
phs002069	2020-10-30	07:19	-	
phs002071	2020-12-14	15:01	-	
phs002073	2021-07-14	16:17	-	
phs002075	2021-02-09	06:28	-	
phs002083	2021-02-05	05:21	-	
phs002088	2021-06-29	22:15	-	
phs002089	2021-03-23	07:49	-	
phs002105	2020-12-16	23:09	-	
phs002121	2021-10-19	06:53	-	
phs002130	2020-11-13	09:24	-	
phs002146	2021-05-06	06:47	-	
phs002161	2020-12-16	07:11	-	
phs002162	2020-11-25	06:49	-	
phs002172	2020-12-04	05:48	-	
phs002176	2021-06-01	10:08	-	
phs002185	2021-09-08	07:12	-	
phs002187	2021-09-17	07:04	-	
phs002188	2021-03-26	06:10	-	
phs002197	2020-11-17	14:40	-	
phs002202	2020-11-20	13:54	-	
phs002204	2021-03-29	06:18	-	
phs002205	2021-02-23	15:29	-	
phs002206	2021-04-29	14:04	-	
phs002208	2021-06-15	06:15	-	
phs002210	2021-03-05	07:35	-	
phs002211	2020-11-10	10:49	-	
phs002212	2021-03-23	16:56	-	
phs002217	2020-10-08	06:25	-	
phs002222	2020-10-21	15:51	-	
phs002224	2021-10-30	18:06	-	
phs002225	2020-10-30	06:54	-	
phs002226	2021-04-07	14:25	-	
phs002227	2020-09-24	16:01	-	
phs002228	2021-04-26	06:25	-	
phs002229	2021-08-30	07:16	-	
phs002230	2021-07-08	06:07	-	
phs002234	2020-09-24	23:34	-	
phs002235	2021-04-07	12:59	-	
phs002237	2021-03-17	08:34	-	
phs002238	2021-11-09	07:11	-	
phs002240	2021-06-30	23:18	-	
phs002242	2020-12-09	14:52	-	
phs002243	2021-01-13	08:04	-	
phs002244	2020-11-19	08:06	-	
phs002245	2020-10-28	09:05	-	
phs002252	2021-03-10	20:20	-	
phs002254	2020-11-03	08:24	-	
phs002255	2020-12-23	05:58	-	
phs002258	2021-01-14	17:36	-	
phs002259	2021-06-10	06:52	-	
phs002262	2020-11-10	06:44	-	
phs002269	2020-11-03	11:55	-	
phs002270	2021-02-25	07:45	-	
phs002273	2021-03-22	06:50	-	
phs002276	2021-09-23	07:07	-	
phs002279	2020-12-16	23:39	-	
phs002280	2021-05-25	06:30	-	
phs002282	2021-08-12	10:36	-	
phs002283	2021-01-19	11:42	-	
phs002286	2020-12-16	06:49	-	
phs002287	2021-01-15	12:37	-	
phs002289	2021-02-26	07:13	-	
phs002290	2021-02-05	05:48	-	
phs002291	2021-03-04	07:39	-	
phs002292	2021-05-26	07:39	-	
phs002294	2021-03-04	07:53	-	
phs002295	2021-03-10	20:08	-	
phs002298	2021-01-27	00:03	-	
phs002299	2020-12-17	15:13	-	
phs002301	2021-04-14	07:15	-	
phs002304	2021-05-11	13:51	-	
phs002308	2021-03-02	20:54	-	
phs002309	2021-03-17	07:15	-	
phs002310	2021-05-18	06:08	-	
phs002311	2021-07-09	09:21	-	
phs002313	2021-03-22	10:00	-	
phs002315	2021-08-19	15:30	-	
phs002316	2021-07-09	10:59	-	
phs002317	2021-05-20	06:49	-	
phs002319	2021-02-19	06:12	-	
phs002323	2021-07-18	21:44	-	
phs002324	2021-02-03	08:29	-	
phs002325	2021-08-12	10:29	-	
phs002327	2021-02-21	21:37	-	
phs002328	2021-03-19	06:15	-	
phs002330	2021-09-23	14:19	-	
phs002331	2021-06-03	07:14	-	
phs002333	2021-02-26	13:21	-	
phs002334	2021-03-09	06:54	-	
phs002335	2021-03-08	09:44	-	
phs002340	2021-10-26	13:23	-	
phs002341	2021-05-19	10:26	-	
phs002342	2021-03-08	09:29	-	
phs002344	2021-10-14	00:59	-	
phs002346	2021-11-03	05:32	-	
phs002348	2021-03-18	12:26	-	
phs002361	2021-04-27	13:59	-	
phs002362	2021-03-11	12:36	-	
phs002364	2021-04-21	08:15	-	
phs002365	2021-04-07	07:32	-	
phs002366	2021-08-04	09:41	-	
phs002368	2021-03-23	07:18	-	
phs002377	2021-09-02	21:28	-	
phs002383	2021-05-20	09:55	-	
phs002385	2021-05-20	09:13	-	
phs002386	2021-03-24	21:21	-	
phs002387	2021-05-20	07:14	-	
phs002389	2021-05-26	07:29	-	
phs002392	2021-09-01	07:43	-	
phs002393	2021-06-01	10:04	-	
phs002394	2021-07-08	06:46	-	
phs002398	2021-06-11	07:39	-	
phs002405	2021-09-02	06:04	-	
phs002407	2021-10-26	13:35	-	
phs002408	2021-05-27	07:30	-	
phs002410	2021-09-14	14:02	-	
phs002411	2021-05-27	07:50	-	
phs002415	2021-09-30	21:51	-	
phs002416	2021-08-20	11:27	-	
phs002417	2021-07-07	07:22	-	
phs002419	2021-08-18	07:23	-	
phs002421	2021-09-20	07:05	-	
phs002428	2021-06-08	20:38	-	
phs002433	2021-06-14	11:25	-	
phs002436	2021-07-21	06:47	-	
phs002437	2021-08-24	07:07	-	
phs002440	2021-06-17	05:57	-	
phs002444	2021-08-10	15:18	-	
phs002446	2021-08-19	07:06	-	
phs002448	2021-07-07	06:56	-	
phs002462	2021-09-09	07:03	-	
phs002464	2021-07-29	22:56	-	
phs002471	2021-09-13	06:06	-	
phs002480	2021-09-29	07:53	-	
phs002481	2021-08-30	07:25	-	
phs002484	2021-09-23	08:42	-	
phs002486	2021-09-02	06:33	-	
phs002487	2021-09-29	07:26	-	
phs002493	2021-09-23	07:35	-	
phs002499	2021-09-10	06:50	-	
phs002502	2021-08-04	10:24	-	
phs002506	2021-10-06	07:16	-	
phs002508	2021-10-21	08:38	-	
phs002509	2021-08-25	07:34	-	
phs002511	2021-08-25	07:25	-	
phs002512	2021-08-25	06:23	-	
phs002545	2021-09-17	07:28	-	
phs002557	2021-10-15	00:28	-	
phs002577	2021-10-08	08:42	-	
phs002614	2021-11-05	15:04	-	
phs002632	2021-10-28	06:33	-	
